<?xml version="1.0" ?>
<LOG_ROOT>
	<PROJECT NAME="DE2_70">
		<CBX_INST_ENTRY INSTANCE_NAME="|DE2_70|nios2_sys:nios2_sys0|cpu_0:the_cpu_0|cpu_0_nios2_oci:the_cpu_0_nios2_oci|cpu_0_nios2_oci_im:the_cpu_0_nios2_oci_im|cpu_0_traceram_lpm_dram_bdp_component_module:cpu_0_traceram_lpm_dram_bdp_component|altsyncram:the_altsyncram" CBX_FILE_NAME="altsyncram_e502.tdf"/>
		<CBX_INST_ENTRY INSTANCE_NAME="|DE2_70|nios2_sys:nios2_sys0|cpu_0:the_cpu_0|cpu_0_nios2_oci:the_cpu_0_nios2_oci|cpu_0_nios2_ocimem:the_cpu_0_nios2_ocimem|cpu_0_ociram_lpm_dram_bdp_component_module:cpu_0_ociram_lpm_dram_bdp_component|altsyncram:the_altsyncram" CBX_FILE_NAME="altsyncram_c572.tdf"/>
		<CBX_INST_ENTRY INSTANCE_NAME="|DE2_70|nios2_sys:nios2_sys0|cpu_0:the_cpu_0|cpu_0_register_bank_a_module:cpu_0_register_bank_a|altsyncram:the_altsyncram" CBX_FILE_NAME="altsyncram_vaf1.tdf"/>
		<CBX_INST_ENTRY INSTANCE_NAME="|DE2_70|nios2_sys:nios2_sys0|cpu_0:the_cpu_0|cpu_0_register_bank_b_module:cpu_0_register_bank_b|altsyncram:the_altsyncram" CBX_FILE_NAME="altsyncram_0bf1.tdf"/>
		<CBX_INST_ENTRY INSTANCE_NAME="|DE2_70|nios2_sys:nios2_sys0|jtag_uart_0:the_jtag_uart_0|jtag_uart_0_scfifo_w:the_jtag_uart_0_scfifo_w|scfifo:wfifo" CBX_FILE_NAME="scfifo_1n21.tdf"/>
		<CBX_INST_ENTRY INSTANCE_NAME="|DE2_70|nios2_sys:nios2_sys0|jtag_uart_0:the_jtag_uart_0|jtag_uart_0_scfifo_r:the_jtag_uart_0_scfifo_r|scfifo:rfifo" CBX_FILE_NAME="scfifo_1n21.tdf"/>
	</PROJECT>
</LOG_ROOT>
