<?xml version="1.0" encoding="UTF-8"?>
<preferences>
 <debug showDebugMenu="0" />
 <systemtable filter="Default">
  <columns>
   <connections preferredWidth="47" />
   <export visible="0" />
   <irq preferredWidth="34" />
  </columns>
 </systemtable>
 <clocktable>
  <columns>
   <clockname preferredWidth="404" />
   <clocksource preferredWidth="403" />
   <frequency preferredWidth="384" />
  </columns>
 </clocktable>
 <window width="1702" height="1032" x="-11" y="-11" />
 <library expandedCategories="Project,Library" />
</preferences>
