1-Mar-16	29.93	31.79	29.75	31.76	24,562,000	31.76
3-Feb-16	0.26 Dividend					
1-Feb-16	30.72	31.12	27.68	29.59	27,341,900	29.59
4-Jan-16	33.88	34.01	29.21	31.02	34,409,200	30.75
1-Dec-15	35	35.59	33.82	34.45	20,094,800	34.15
4-Nov-15	0.24 Dividend					
2-Nov-15	33.73	35.29	31.93	34.77	24,082,800	34.47
1-Oct-15	30.21	35.03	29.46	33.86	33,086,800	33.33
1-Sep-15	27.91	30.32	27.66	30.14	34,377,800	29.67
5-Aug-15	0.24 Dividend					
3-Aug-15	29	29.68	24.87	28.54	35,657,400	28.09
1-Jul-15	30.49	30.92	27.62	28.95	38,947,700	28.26
1-Jun-15	34.37	34.59	30.15	30.42	33,471,100	29.7
5-May-15	0.24 Dividend					
1-May-15	32.63	34.75	31.93	34.46	27,110,900	33.64
1-Apr-15	31.13	33.04	30.45	32.55	28,102,700	31.55
2-Mar-15	33.29	34.5	29.31	31.27	42,854,000	30.31
4-Feb-15	0.24 Dividend					
2-Feb-15	33.06	34.75	32.61	33.25	25,304,600	32.23
2-Jan-15	36.67	37.49	33	33.04	36,430,300	31.8
1-Dec-14	37.21	37.9	35.33	36.29	28,201,200	34.92
5-Nov-14	0.225 Dividend					
3-Nov-14	33.81	37.69	33	37.25	30,617,500	35.85
1-Oct-14	34.61	34.78	29.65	34.01	41,164,600	32.52
2-Sep-14	34.76	35.56	33.63	34.82	28,255,800	33.29
5-Aug-14	0.225 Dividend					
1-Aug-14	33.75	35.2	32.39	34.92	29,791,600	33.39
1-Jul-14	30.99	34.83	30.44	33.89	39,593,600	32.19
2-Jun-14	27.31	31	27.12	30.9	37,281,300	29.35
5-May-14	0.225 Dividend					
1-May-14	26.51	27.32	25.74	27.32	25,503,800	25.95
1-Apr-14	25.8	27.24	25.64	26.69	36,261,100	25.13
3-Mar-14	24.55	26.06	24.3	25.81	29,355,700	24.3
5-Feb-14	0.225 Dividend					
3-Feb-14	24.5	24.98	23.5	24.76	28,122,500	23.32
2-Jan-14	25.78	27.12	24.4	24.54	41,079,800	22.89
2-Dec-13	24	26.04	23.4	25.96	30,349,700	24.21
5-Nov-13	0.225 Dividend					
1-Nov-13	24.51	25.29	23.5	23.84	30,270,100	22.24
1-Oct-13	22.94	24.73	22.48	24.47	36,038,900	22.61
3-Sep-13	22.21	24.09	21.97	22.92	33,902,000	21.18
5-Aug-13	0.225 Dividend					
1-Aug-13	23.41	23.49	21.89	21.98	31,040,400	20.31
1-Jul-13	24.35	24.43	22.63	23.34	47,457,300	21.36
3-Jun-13	24.88	25.98	23.41	24.23	47,550,100	22.17
3-May-13	0.225 Dividend					
1-May-13	23.82	24.71	23.58	24.28	35,811,600	22.22
1-Apr-13	21.67	24	20.75	23.95	58,788,200	21.71
1-Mar-13	20.79	22.04	20.66	21.84	39,456,400	19.8
5-Feb-13	0.225 Dividend					
1-Feb-13	21.19	21.38	20.1	20.88	38,803,600	18.93
2-Jan-13	21.15	23.06	20.88	21.04	59,850,900	18.87
3-Dec-12	19.88	21.31	19.5	20.62	42,338,800	18.5
5-Nov-12	0.225 Dividend					
1-Nov-12	21.76	22.54	19.23	19.57	57,594,900	17.55
1-Oct-12	22.75	23.17	21.22	21.63	55,078,700	19.2
4-Sep-12	25.03	25.1	22.48	22.66	51,639,800	20.12
3-Aug-12	0.225 Dividend					
1-Aug-12	25.83	26.9	24.15	24.83	34,657,800	22.04
2-Jul-12	26.51	26.86	24.68	25.7	37,827,200	22.62
1-Jun-12	25.4	27.75	24.84	26.65	39,265,400	23.45
3-May-12	0.21 Dividend					
1-May-12	28.47	29.27	24.92	25.84	41,581,800	22.74
2-Apr-12	28.04	28.78	27.24	28.4	38,833,400	24.82
1-Mar-12	27.06	28.45	26.2	28.12	34,980,300	24.57
3-Feb-12	0.21 Dividend					
1-Feb-12	26.74	27.5	26.35	26.88	41,241,900	23.49
3-Jan-12	24.62	27	24.39	26.42	58,261,100	22.9
1-Dec-11	24.87	25.78	23.05	24.25	48,066,900	21.02
3-Nov-11	0.21 Dividend					
1-Nov-11	24.11	25.5	22.51	24.91	57,645,600	21.59
3-Oct-11	21.18	25.2	20.4	24.54	74,602,900	21.09
1-Sep-11	20.28	22.98	19.16	21.34	66,708,800	18.34
3-Aug-11	0.21 Dividend					
1-Aug-11	22.57	22.69	19.16	20.13	69,911,100	17.3
1-Jul-11	22.21	23.39	22.08	22.33	49,860,500	19
1-Jun-11	22.45	22.48	21	22.16	56,253,300	18.86
4-May-11	0.181 Dividend					
2-May-11	23.02	23.96	22.11	22.51	78,241,600	19.15
1-Apr-11	20.38	23.19	19.36	23.15	80,155,100	19.54
1-Mar-11	21.61	22.08	19.71	20.18	61,648,000	17.04
3-Feb-11	0.181 Dividend					
1-Feb-11	21.49	22.21	21.01	21.47	56,267,700	18.13
3-Jan-11	21.01	21.94	20.27	21.46	77,014,100	17.97
1-Dec-10	21.46	22.07	20.65	21.03	42,571,100	17.61
3-Nov-10	0.158 Dividend					
1-Nov-10	20.35	21.81	20.22	21.16	56,160,100	17.71
1-Oct-10	19.47	20.56	18.77	20.05	69,520,500	16.66
30-Sep-10	19.34	19.6	19.11	19.2	150,764,400	15.95
1-Sep-10	17.94	19.62	17.75	19.2	1,022,900	15.95
4-Aug-10	0.158 Dividend					
2-Aug-10	20.9	21.28	17.6	17.67	84,245,100	14.68
1-Jul-10	19.43	22.28	18.96	20.6	79,776,000	16.98
1-Jun-10	21.3	22	19.4	19.45	64,926,400	16.03
5-May-10	0.158 Dividend					
3-May-10	22.98	23.44	19.9	21.42	95,164,100	17.66
1-Apr-10	22.4	24.37	22.16	22.84	77,725,800	18.7
1-Mar-10	20.68	22.75	20.26	22.29	58,125,200	18.25
3-Feb-10	0.158 Dividend					
1-Feb-10	19.47	20.97	18.95	20.53	61,752,000	16.81
4-Jan-10	20.79	21.55	19.3	19.4	84,480,800	15.76
1-Dec-09	19.46	20.72	19	20.4	48,385,600	16.57
4-Nov-09	0.14 Dividend					
2-Nov-09	19.05	20.5	18.31	19.2	61,651,500	15.59
1-Oct-09	19.49	21.27	18.74	19.11	81,652,600	15.4
1-Sep-09	20.22	20.58	19.22	19.57	53,809,400	15.77
5-Aug-09	0.14 Dividend					
3-Aug-09	19.48	20.65	18.41	20.32	55,367,000	16.38
1-Jul-09	16.67	19.8	15.78	19.25	80,624,800	15.4
1-Jun-09	16.03	16.7	15.61	16.55	62,342,600	13.24
5-May-09	0.14 Dividend					
1-May-09	15.76	16.74	15	15.72	70,811,400	12.58
1-Apr-09	14.77	16.39	14.62	15.78	75,386,400	12.52
2-Mar-09	12.51	15.89	12.07	15.03	77,067,700	11.93
4-Feb-09	0.14 Dividend					
2-Feb-09	12.82	15.15	12.05	12.74	73,580,400	10.11
2-Jan-09	14.69	15.51	12.5	12.9	65,959,400	10.13
1-Dec-08	13.46	15.68	12.38	14.66	62,033,600	11.51
5-Nov-08	0.14 Dividend					
3-Nov-08	16.13	16.39	12.06	13.8	82,112,000	10.84
1-Oct-08	18.5	18.69	13.37	16.03	105,908,600	12.48
2-Sep-08	23.27	23.48	17.27	18.73	81,329,000	14.58
5-Aug-08	0.14 Dividend					
1-Aug-08	22.42	24.75	21.98	22.87	54,259,100	17.81
1-Jul-08	21.29	22.62	19.71	22.19	65,689,200	17.17
2-Jun-08	23.05	24	21.22	21.48	56,482,900	16.62
5-May-08	0.14 Dividend					
1-May-08	22.36	25.29	22.36	23.18	57,105,200	17.93
1-Apr-08	21.51	23.02	20.5	22.26	60,830,500	17.12
3-Mar-08	20.06	22.45	19.44	21.18	70,198,800	16.29
5-Feb-08	0.128 Dividend					
1-Feb-08	21.4	21.82	19.5	19.97	76,940,900	15.36
2-Jan-08	26.28	26.34	18.05	21.1	122,246,900	16.13
3-Dec-07	26.03	27.99	25.38	26.66	48,349,700	20.38
5-Nov-07	0.113 Dividend					
1-Nov-07	26.7	27.54	24.32	26.08	68,275,600	19.94
1-Oct-07	26.04	26.98	25.16	26.9	70,925,700	20.48
4-Sep-07	25.82	26.43	24.6	25.86	64,741,300	19.69
3-Aug-07	0.113 Dividend					
1-Aug-07	23.56	25.8	22.09	25.75	69,157,700	19.6
2-Jul-07	23.88	26.52	23.53	23.62	74,345,100	17.9
1-Jun-07	22.34	24.45	21.29	23.74	65,868,900	17.99
3-May-07	0.113 Dividend					
1-May-07	21.56	23.14	21.45	22.18	60,514,000	16.81
2-Apr-07	19.15	22.3	19.03	21.5	76,915,700	16.21
1-Mar-07	19.52	19.8	18.75	19.13	65,492,900	14.42
5-Feb-07	0.113 Dividend					
1-Feb-07	20.98	21.67	19.8	19.86	67,303,700	14.97
3-Jan-07	20.45	22.3	20.14	20.96	83,134,500	15.72
1-Dec-06	21.32	21.45	20.03	20.25	47,313,900	15.18
3-Nov-06	0.10 Dividend					
1-Nov-06	21.37	22.5	20.32	21.4	58,557,600	16.05
2-Oct-06	20.56	22.03	20.17	21.34	74,700,000	15.92
1-Sep-06	19.9	20.95	19.03	20.57	73,498,000	15.35
3-Aug-06	0.10 Dividend					
1-Aug-06	17.89	20	17.22	19.57	58,002,600	14.6
3-Jul-06	19.27	19.39	16.84	18	65,709,800	13.35
1-Jun-06	18.05	19.36	16.75	19	75,593,500	14.1
3-May-06	0.10 Dividend					
1-May-06	20.06	20.22	17.74	18.02	79,642,500	13.37
3-Apr-06	19.68	20.27	18.6	19.98	83,603,900	14.75
1-Mar-06	20.73	21	19.31	19.46	87,956,500	14.36
3-Feb-06	0.10 Dividend					
1-Feb-06	21.24	21.68	19.88	20.6	88,602,600	15.21
3-Jan-06	25.19	26.63	21.1	21.26	96,593,800	15.62
1-Dec-05	26.94	27.49	24.87	24.96	54,107,700	18.34
3-Nov-05	0.08 Dividend					
1-Nov-05	23.18	27.15	22.53	26.68	56,234,900	19.6
3-Oct-05	24.74	24.96	22.75	23.5	58,262,000	17.21
1-Sep-05	25.58	26.12	23.8	24.65	53,493,900	18.05
3-Aug-05	0.08 Dividend					
1-Aug-05	27.24	27.66	25.31	25.72	45,049,200	18.83
1-Jul-05	26.23	28.84	26.08	27.14	55,455,700	19.81
1-Jun-05	26.8	27.75	25.73	26.02	55,191,400	19
4-May-05	0.08 Dividend					
2-May-05	23.5	27.4	23.35	26.96	64,584,800	19.68
1-Apr-05	23.34	23.9	21.94	23.52	67,651,100	17.11
31-Mar-05	23.51	23.54	23.13	23.23	83,087,600	16.9
1-Mar-05	24.36	25.47	22.96	23.23	505,400	16.9
3-Feb-05	0.08 Dividend					
1-Feb-05	22.49	24.63	22.17	23.99	78,924,800	17.45
3-Jan-05	23.64	23.79	21.89	22.45	82,481,500	16.28
1-Dec-04	22.5	24.5	22.44	23.39	69,185,700	16.96
3-Nov-04	0.04 Dividend					
1-Nov-04	22.19	24.99	22.15	22.38	72,085,300	16.23
1-Oct-04	20.3	22.61	20.22	22.26	75,530,100	16.11
1-Sep-04	21.1	21.72	19.64	20.06	77,974,200	14.52
4-Aug-04	0.04 Dividend					
2-Aug-04	24.04	24.99	20.86	21.29	61,273,300	15.41
1-Jul-04	27.39	27.48	22.46	24.38	84,238,700	17.61
1-Jun-04	28.37	29.01	27.13	27.6	51,221,700	19.94
5-May-04	0.04 Dividend					
3-May-04	26.05	28.98	25.61	28.55	62,199,500	20.63
1-Apr-04	27.37	28.56	25.72	25.73	68,996,900	18.56
1-Mar-04	29.04	30.14	26.03	27.2	76,426,000	19.62
4-Feb-04	0.04 Dividend					
2-Feb-04	30.9	31.43	28.65	29.2	60,823,900	21.07
2-Jan-04	32.36	34.6	30.35	30.52	59,486,800	21.99
1-Dec-03	33.82	34.4	29.66	32.05	50,668,800	23.09
5-Nov-03	0.02 Dividend					
3-Nov-03	33.33	34.51	31.66	33.54	48,305,000	24.17
1-Oct-03	27.82	33.28	27.81	32.95	54,786,600	23.73
2-Sep-03	28.77	29.38	27.22	27.52	58,535,300	19.82
5-Aug-03	0.02 Dividend					
1-Aug-03	24.78	29.04	23.33	28.59	56,696,100	20.59
1-Jul-03	20.87	25.5	20.51	24.89	68,178,000	17.91
2-Jun-03	21	22.92	19.99	20.81	67,030,600	14.97
5-May-03	0.02 Dividend					
1-May-03	18.37	21.01	18.3	20.82	64,541,500	14.98
1-Apr-03	16.38	19.56	16.28	18.4	61,260,400	13.22
3-Mar-03	17.13	19.01	15.59	16.28	64,721,700	11.7
5-Feb-03	0.02 Dividend					
3-Feb-03	15.65	17.29	14.88	17.25	54,643,700	12.4
2-Jan-03	16.02	18.01	15.14	15.66	64,880,900	11.24
2-Dec-02	21.88	22.09	15.42	15.57	58,389,000	11.18
5-Nov-02	0.02 Dividend					
1-Nov-02	17.1	21.3	16.91	20.88	63,559,700	14.99
1-Oct-02	14.05	17.51	12.95	17.3	85,138,500	12.41
3-Sep-02	16.47	17.04	13.67	13.89	66,464,500	9.96
5-Aug-02	0.02 Dividend					
1-Aug-02	18.72	19.67	15.82	16.67	55,220,900	11.95
1-Jul-02	18.35	19.88	16.26	18.79	70,957,200	13.46
3-Jun-02	27.43	28.2	17.45	18.27	69,893,400	13.08
3-May-02	0.02 Dividend					
1-May-02	28.57	31.36	25.56	27.62	46,150,500	19.78
1-Apr-02	30.14	31.45	27.51	28.61	46,482,000	20.48
1-Mar-02	29.09	34.25	28.99	30.41	47,849,200	21.76
5-Feb-02	0.02 Dividend					
1-Feb-02	34.82	35.07	28.5	28.55	53,846,600	20.43
2-Jan-02	31.9	36.78	31.56	35.04	55,613,400	25.06
3-Dec-01	32.29	34.85	31.41	31.45	43,995,300	22.5
5-Nov-01	0.02 Dividend					
1-Nov-01	24.53	32.99	24.25	32.66	55,037,100	23.36
1-Oct-01	20.21	26.5	19.08	24.42	56,607,700	17.45
4-Sep-01	27.56	28.09	18.96	20.44	75,960,300	14.61
3-Aug-01	0.02 Dividend					
1-Aug-01	30.62	32.23	26.88	27.96	43,029,800	19.98
2-Jul-01	29.58	31	27	29.81	48,377,600	21.29
1-Jun-01	27.26	31.93	26.14	29.25	50,365,900	20.89
3-May-01	0.02 Dividend					
1-May-01	30.77	32.5	26.4	27.01	45,703,400	19.29
2-Apr-01	26.06	32.57	22.25	30.91	63,693,400	22.06
1-Mar-01	28.25	33.69	24.56	26.31	66,763,200	18.78
5-Feb-01	0.02 Dividend					
1-Feb-01	37.06	38.23	28	28.56	50,421,500	20.39
2-Jan-01	30.69	38.59	30	37	61,110,900	26.4
1-Dec-00	38.5	38.5	29.81	30.06	58,737,200	21.45
3-Nov-00	0.02 Dividend					
1-Nov-00	44.31	47.88	36	38.06	51,287,900	27.15
2-Oct-00	42.94	47	35	45	67,244,900	32.09
1-Sep-00	75.63	75.69	41.38	41.56	77,048,700	29.64
3-Aug-00	0.02 Dividend					
1-Aug-00	67.06	75.83	60.44	74.88	31,158,200	53.4
31-Jul-00	2: 1 Stock Split					
3-Jul-00	134.13	147.5	64.5	66.75	42,980,400	47.59
1-Jun-00	126.19	140.25	124.13	133.69	40,595,300	47.65
3-May-00	0.015 Dividend					
1-May-00	127.94	131	105.13	124.69	54,545,300	44.44
3-Apr-00	131.38	139.06	108.38	126.81	65,995,500	45.19
1-Mar-00	112.88	145.38	112	131.94	51,730,100	47.02
3-Feb-00	0.015 Dividend					
1-Feb-00	98.38	116.5	96.63	113	50,486,300	40.27
3-Jan-00	83.27	106.63	77.38	98.94	73,769,200	35.25
1-Dec-99	76.06	85.5	70.56	82.31	38,776,800	29.32
3-Nov-99	0.015 Dividend					
1-Nov-99	77.63	83.88	73.63	76.69	42,351,200	27.32
1-Oct-99	74.25	79.81	65	77.44	61,434,500	27.58
30-Sep-99	75.19	76.25	73.38	74.31	92,223,200	26.46
1-Sep-99	83.69	89.5	72.63	74.31	263,900	26.46
4-Aug-99	0.015 Dividend					
2-Aug-99	69.88	84.5	69.5	82.19	51,764,500	29.27
1-Jul-99	59.75	71.75	59.25	69	50,930,100	24.56
1-Jun-99	53.81	59.88	50.13	59.5	43,560,300	21.18
5-May-99	0.015 Dividend					
3-May-99	61.19	65	51	54.06	40,838,400	19.24
12-Apr-99	2: 1 Stock Split					
1-Apr-99	119.94	133.5	55	61.19	53,352,200	21.77
1-Mar-99	118.81	124.38	109.56	118.88	75,877,200	21.15
3-Feb-99	0.015 Dividend					
1-Feb-99	140.69	140.69	118.88	119.94	84,851,700	21.34
4-Jan-99	119.94	143.69	119.69	140.94	76,369,900	25.06
1-Dec-98	105.81	126.19	105.69	118.56	56,260,200	21.08
4-Nov-98	0.01 Dividend					
2-Nov-98	89.75	115.88	89.56	107.63	67,840,300	19.14
1-Oct-98	84.25	90.81	75.81	89.19	73,758,600	15.85
1-Sep-98	70.94	89	69.75	85.75	72,464,900	15.24
5-Aug-98	0.0075 Dividend					
3-Aug-98	83.63	92.63	70.94	71.19	88,825,700	12.65
1-Jul-98	74.69	88.25	72.25	84.44	74,254,400	15
1-Jun-98	69.13	77.63	65.66	74.13	67,772,400	13.17
1-May-98	80.94	85.44	71.25	71.44	58,246,800	12.69
29-Apr-98	0.0075 Dividend					
1-Apr-98	77.5	85.06	71.31	80.81	76,032,000	14.36
2-Mar-98	89.81	91.38	74	78.06	79,953,300	13.86
2-Feb-98	82.5	95.63	82.19	89.69	74,033,600	15.93
28-Jan-98	0.0075 Dividend					
2-Jan-98	70.69	82.88	70.5	81	70,181,100	14.39
1-Dec-97	78.5	81.75	67.38	70.25	66,193,900	12.47
3-Nov-97	78.44	81.75	72.02	77.63	67,702,100	13.78
29-Oct-97	0.0075 Dividend					
1-Oct-97	92.75	95.63	69.25	77	90,202,600	13.67
2-Sep-97	93.13	99.25	92	92.31	52,210,100	16.38
1-Aug-97	92.75	102	89.88	92.13	69,055,900	16.35
30-Jul-97	0.0075 Dividend					
14-Jul-97	2: 1 Stock Split					
1-Jul-97	142	154.56	76.75	91.81	89,247,800	16.29
2-Jun-97	154	154.62	140.75	141.81	103,607,300	12.58
1-May-97	153.38	169.75	140	151.5	135,409,800	13.44
29-Apr-97	0.00625 Dividend					
1-Apr-97	137.62	153.5	128.25	153.12	117,950,000	13.58
3-Mar-97	141.12	150.25	125.75	139.12	114,471,400	12.34
3-Feb-97	163.5	165	137	141.88	121,478,600	12.58
29-Jan-97	0.00625 Dividend					
2-Jan-97	131.75	164	127.62	162.25	105,976,000	14.39
2-Dec-96	126	141.5	123.38	130.94	88,495,700	11.61
1-Nov-96	109.88	127.25	108	126.88	84,585,000	11.25
30-Oct-96	0.00625 Dividend					
1-Oct-96	94.62	114.25	94.25	109.88	80,424,700	9.74
3-Sep-96	79.12	99.5	78.5	95.44	66,584,000	8.46
1-Aug-96	75.38	83.25	74.88	79.81	57,526,600	7.07
30-Jul-96	0.00625 Dividend					
1-Jul-96	73.75	75.89	64.12	75.12	92,232,400	6.66
3-Jun-96	75.12	77.75	70.25	73.44	57,243,600	6.5
1-May-96	67.38	75.62	66.5	75.5	64,441,600	6.69
29-Apr-96	0.005 Dividend					
1-Apr-96	57.12	70.38	56.38	67.75	80,938,800	6
1-Mar-96	57.62	60.25	51.5	56.88	67,761,000	5.03
1-Feb-96	55	61.62	54.86	58.81	60,467,900	5.2
30-Jan-96	0.005 Dividend					
2-Jan-96	57.38	59.38	49.81	55.23	112,054,900	4.89
1-Dec-95	61.38	64	55.19	56.75	64,917,000	5.02
1-Nov-95	70.75	73.14	59.88	60.88	81,136,500	5.38
30-Oct-95	0.005 Dividend					
2-Oct-95	60.61	71.38	57.75	69.88	82,715,400	6.18
1-Sep-95	61.25	66.62	57.25	60.12	76,068,400	5.31
1-Aug-95	65	67.25	57.12	61.38	87,998,200	5.42
28-Jul-95	0.005 Dividend					
3-Jul-95	63.38	78.38	62.5	65	114,913,200	5.74
19-Jun-95	2: 1 Stock Split					
1-Jun-95	112.5	117.62	58.38	63.31	92,298,400	5.59
1-May-95	103.5	119	102.88	112.25	131,184,200	4.96
25-Apr-95	0.00375 Dividend					
3-Apr-95	84.75	104.12	84.5	102.38	115,518,300	4.52
1-Mar-95	79.75	90	78.38	84.88	91,427,800	3.75
1-Feb-95	69.38	80.75	69.12	79.75	84,607,200	3.52
26-Jan-95	0.00375 Dividend					
3-Jan-95	63.62	71.75	63	69.38	98,914,800	3.06
1-Dec-94	62	65.75	57.5	63.88	102,595,800	2.82
1-Nov-94	61.88	67.27	59.75	63.12	87,542,000	2.78
26-Oct-94	0.00375 Dividend					
3-Oct-94	61.75	63	57.38	62.12	82,570,100	2.74
1-Sep-94	64.75	68.25	60	61.5	64,968,300	2.71
1-Aug-94	59	67.5	56.62	65.75	71,104,300	2.9
26-Jul-94	0.00375 Dividend					
1-Jul-94	58.88	63	56.12	59.25	68,221,100	2.61
1-Jun-94	62.5	65	57.25	58.5	55,543,600	2.57
2-May-94	60.75	62.75	56.5	62.5	62,761,900	2.75
25-Apr-94	0.00313 Dividend					
4-Apr-94	65.5	71	56	61	103,743,500	2.68
31-Mar-94	66.75	67.5	65	67.5	133,772,800	2.97
1-Mar-94	68.88	73.5	65	67.5	311,700	2.97
1-Feb-94	65	69.25	60.5	68.75	75,217,600	3.02
26-Jan-94	0.00313 Dividend					
3-Jan-94	62.25	69.25	60.75	65.25	96,639,000	2.87
1-Dec-93	61.75	64.75	56.25	62	69,052,400	2.72
1-Nov-93	63.25	64.5	56.25	61.5	77,418,100	2.7
26-Oct-93	0.00313 Dividend					
1-Oct-93	71.5	73.88	61.5	63.25	98,148,800	2.78
1-Sep-93	63.75	74.25	60.25	70.75	64,329,300	3.11
2-Aug-93	52.25	67.25	52.25	64.25	69,301,200	2.82
26-Jul-93	0.00313 Dividend					
1-Jul-93	55	57	49.25	52.25	60,581,800	2.29
7-Jun-93	2: 1 Stock Split					
1-Jun-93	111	116	52.88	55	67,017,500	2.41
3-May-93	95.75	113.5	95.25	110.87	87,835,500	2.43
26-Apr-93	0.00313 Dividend					
1-Apr-93	114.87	121	85.5	95.13	184,804,100	2.09
1-Mar-93	116.75	121.25	111.25	115	90,586,500	2.52
1-Feb-93	107	120	104.25	116.5	133,320,000	2.55
26-Jan-93	0.00313 Dividend					
4-Jan-93	87	118	86.25	106.75	154,537,400	2.34
1-Dec-92	71.75	91.5	71	87	89,086,200	1.9
2-Nov-92	67	72.25	66.5	71.5	55,710,000	1.56
26-Oct-92	0.00313 Dividend					
1-Oct-92	65.5	69.13	60.75	67.5	74,762,600	1.48
1-Sep-92	57.75	67	57.75	65.75	59,139,200	1.44
3-Aug-92	60.25	61.25	54.25	58	39,292,000	1.27
1-Jul-92	57	60.25	54.75	59.75	54,961,000	1.31
1-Jun-92	50	57.75	47.75	57	65,252,500	1.25
1-May-92	53.5	54.75	46.5	50	62,752,900	1.09
1-Apr-92	55.25	59.25	49	53.5	86,527,600	1.17
2-Mar-92	63.5	67.5	51.5	55.25	82,212,200	1.21
3-Feb-92	60	68.75	59	63.5	73,250,800	1.39
2-Jan-92	48.62	63	47.25	59.87	111,042,300	1.31
2-Dec-91	40.75	49.25	40.25	49	52,446,600	1.07
1-Nov-91	41.5	44.25	39.75	41	55,512,900	0.9
1-Oct-91	42.5	45.5	38.5	40.62	66,745,100	0.89
3-Sep-91	49.25	50	40	42.25	84,670,200	0.92
1-Aug-91	47.5	52.75	44	49.5	61,719,800	1.08
1-Jul-91	46.75	47.75	41	47	75,198,500	1.03
3-Jun-91	55.75	59.25	43.5	46.5	104,460,000	1.02
1-May-91	48.5	55.75	46.75	55.75	77,445,300	1.22
1-Apr-91	46.75	55.25	46.25	49.25	70,112,700	1.08
1-Mar-91	47.5	52.75	43.25	46.75	82,986,500	1.02
1-Feb-91	45.75	51	45.5	47.75	67,873,100	1.04
2-Jan-91	38	45.75	37.75	45.75	82,109,500	1
3-Dec-90	37.75	40.25	34.75	38.5	44,659,000	0.84
1-Nov-90	33	38.5	32.5	37.5	45,718,500	0.82
1-Oct-90	33	36.13	28	33.5	60,912,600	0.73
4-Sep-90	33	34.5	29.75	33.25	60,468,800	0.73
1-Aug-90	44.5	44.5	30.5	33.38	89,073,900	0.73
2-Jul-90	47	52	39.25	44.5	69,095,100	0.97
1-Jun-90	48.25	48.75	45	47	45,098,900	1.03
1-May-90	39.5	49.25	39.5	48.25	74,803,900	1.05
2-Apr-90	41.25	44	38.75	39.5	56,005,100	0.86
1-Mar-90	40	43.75	38.75	41.75	63,603,300	0.91
1-Feb-90	39.5	41.5	38	40.25	49,832,900	0.88
2-Jan-90	34.5	39.75	34	39.5	78,160,800	0.86
1-Dec-89	34.75	36	30	34.5	43,915,800	0.75
1-Nov-89	33.5	35	29.5	34.75	41,967,000	0.76
2-Oct-89	32.25	35	30	33.75	60,339,300	0.74
1-Sep-89	29.75	32.5	29.38	32.25	44,429,700	0.7
1-Aug-89	30.5	33.25	28.25	30	58,179,000	0.66
3-Jul-89	29	31.5	27.5	30.5	44,076,000	0.67
1-Jun-89	32.5	33.75	28	29	51,896,700	0.63
1-May-89	28.75	33	28.25	32.5	43,851,000	0.71
3-Apr-89	26.25	30.5	24.62	29	58,084,400	0.63
1-Mar-89	25.75	27.25	23.25	26.25	41,722,400	0.57
1-Feb-89	26.25	27.87	24.38	25.75	54,539,900	0.56
3-Jan-89	23.75	26	22.87	26	65,101,200	0.57
1-Dec-88	20.25	24	19.75	23.75	52,610,500	0.52
1-Nov-88	25	25.5	19.25	20	82,892,100	0.44
3-Oct-88	27	28.25	23.75	24.75	77,671,700	0.54
30-Sep-88	27.75	28	27.25	27.5	126,752,000	0.6
1-Sep-88	27.75	29.62	25.5	27.5	192,900	0.6
1-Aug-88	34	35.5	27.75	28	54,650,800	0.61
1-Jul-88	36.25	36.5	33	34.75	47,988,900	0.76
1-Jun-88	30.75	37.25	30.5	36.13	61,928,200	0.79
2-May-88	31.25	33.25	29	30.75	36,860,000	0.67
4-Apr-88	29.25	33.5	29.25	31	49,472,900	0.68
1-Mar-88	28.25	32.75	27.5	29.38	68,445,400	0.64
1-Feb-88	25.5	29.25	23	28.25	55,600,000	0.62
4-Jan-88	27	29.25	21.62	25.5	67,597,100	0.56
1-Dec-87	22	28	20.75	26.5	62,933,600	0.58
2-Nov-87	26	28.5	20.25	21.5	69,968,300	0.47
29-Oct-87	3: 2 Stock Split					
1-Oct-87	58.25	62.75	21.75	26	126,247,200	0.57
1-Sep-87	53	58.87	51.5	57.75	66,200,200	0.84
3-Aug-87	47	56.25	44.75	52.75	60,770,100	0.77
1-Jul-87	43.75	50.5	42.75	47.75	49,518,100	0.7
1-Jun-87	44	45.12	39.5	44	57,158,800	0.64
1-May-87	46.75	47.5	39.5	43.87	47,759,200	0.64
1-Apr-87	38.5	48	38.25	47	81,696,400	0.68
2-Mar-87	37.75	42	34.25	39.25	66,924,600	0.57
2-Feb-87	31.5	38.5	31	38	94,091,600	0.55
2-Jan-87	20.75	31.25	20.75	31.25	92,997,600	0.46
1-Dec-86	22.5	23.75	20.75	21	31,265,700	0.31
3-Nov-86	20.12	23	19.5	23	24,291,700	0.34
1-Oct-86	19.75	21.5	18	20.25	32,583,900	0.3
2-Sep-86	23	23.25	18.75	19.5	33,248,300	0.28
1-Aug-86	18.75	24.25	16.38	23	30,944,600	0.34
1-Jul-86	23	23.25	17.25	18.25	42,179,300	0.27
2-Jun-86	27.25	27.5	21.75	23	32,626,500	0.34
1-May-86	28.5	29.75	25.25	27.25	28,459,200	0.4
1-Apr-86	26	31.25	24.5	28.5	43,981,900	0.42
3-Mar-86	27.75	29.25	25.25	26	44,012,600	0.38
3-Feb-86	28.25	32.25	27.75	27.75	68,476,800	0.4
2-Jan-86	29.25	31	26.25	28.25	42,744,400	0.41
2-Dec-85	28.5	31.25	27.5	29.25	30,359,300	0.43
1-Nov-85	25.5	29.75	24.25	28.5	38,661,600	0.42
1-Oct-85	25.75	26.25	20.75	25.5	34,597,400	0.37
3-Sep-85	26	27.25	24.5	25.75	27,467,700	0.38
1-Aug-85	28.25	30	25	26	19,920,000	0.38
1-Jul-85	26	29.75	25.5	28.25	34,831,700	0.41
3-Jun-85	26.38	27.12	22.5	26	45,738,800	0.38
1-May-85	27.5	28.25	25	26.38	26,704,400	0.38
1-Apr-85	28	29.25	26.25	27.5	20,582,400	0.4
1-Mar-85	28	28.25	24.25	27.75	25,974,400	0.4
1-Feb-85	30.75	32.25	27.25	28	26,840,500	0.41
2-Jan-85	28	32.5	27.25	30.75	30,473,600	0.45
3-Dec-84	28.5	29.38	24.75	28	26,880,300	0.41
1-Nov-84	27.75	29.75	26.75	28.5	25,146,900	0.42
1-Oct-84	31	33.25	26.5	27.75	34,490,100	0.4
4-Sep-84	36	36.25	29.75	31	29,474,800	0.45
1-Aug-84	30.5	37.5	30.5	36	30,806,600	0.52
2-Jul-84	30.25	31	25.25	30.5	27,377,200	0.44
1-Jun-84	31	34.25	28.25	30.25	25,353,400	0.44
1-May-84	35	38	29.75	30.88	24,115,200	0.45
2-Apr-84	36	36	30.75	35	25,648,600	0.51
1-Mar-84	37.25	38	34	36	22,520,700	0.52
1-Feb-84	36.75	38.25	31	37.25	42,569,700	0.54
3-Jan-84	41.75	43.5	33.75	36.75	31,628,400	0.54
1-Dec-83	41.75	43.25	39.5	42	17,978,800	0.61
1-Nov-83	37.75	43.25	35	41.75	25,477,300	0.61
3-Oct-83	41.25	44	37	37.75	26,601,100	0.55
1-Sep-83	41	46.25	39.75	41.25	25,096,900	0.6
1-Aug-83	40.25	41.5	35.75	41	26,463,400	0.6
1-Jul-83	37.5	49.5	35.25	40.25	40,388,400	0.59
1-Jul-83	2: 1 Stock Split					
1-Jun-83	57	78	55	74.5	27,555,000	0.54
2-May-83	49.5	59.75	48	57.25	25,337,100	0.42
4-Apr-83	48.25	49.75	43.25	49.5	20,651,000	0.36
31-Mar-83	48	49.25	48	48.25	33,734,400	0.35
1-Mar-83	46.5	49.25	41.25	48.25	63,500	0.35
1-Feb-83	43	47.5	42.5	46.5	27,158,900	0.34
3-Jan-83	38.75	46.63	37	43	33,957,900	0.31
1-Dec-82	38.25	41	34.25	38.75	36,298,400	0.28
1-Nov-82	37.13	41.25	32.75	38.25	36,043,400	0.28
1-Oct-82	33	41.5	32.5	37.13	32,281,600	0.27
1-Sep-82	35.75	40	32.75	32.75	40,394,900	0.24
2-Aug-82	32.75	37	26.5	36.75	40,151,500	0.27
1-Jul-82	31.25	34	29.25	32.25	19,081,100	0.23
1-Jun-82	29.75	31.75	28.25	31.25	15,723,900	0.23
3-May-82	31.5	34.5	29.75	30.25	19,728,400	0.22
1-Apr-82	29	33	28.25	31.5	25,233,800	0.23
1-Mar-82	26.5	29	22.75	28.75	15,786,100	0.21
1-Feb-82	25.25	26	23.75	25.5	12,991,800	0.19
4-Jan-82	22.75	27	20.75	26	19,745,200	0.19
1-Dec-81	25	25.75	22.5	22.5	13,273,300	0.16
2-Nov-81	28.75	29.75	24	25	11,233,900	0.18
1-Oct-81	24.25	28.75	24.25	28.5	12,081,100	0.21
1-Sep-81	28.5	30.25	22.75	24.25	13,839,000	0.18
3-Aug-81	33.5	33.5	28	28	8,039,700	0.2
1-Jul-81	35.5	36.25	32.5	33.75	9,006,900	0.25
1-Jun-81	40.75	40.75	34.75	36	10,236,200	0.26
1-May-81	37.75	42	35.25	41	12,378,700	0.3
1-Apr-81	36.5	40.75	35.25	37.75	14,019,200	0.28
2-Mar-81	36	37.25	32.75	36.25	13,402,000	0.26
2-Feb-81	36.25	40.75	33	35	18,689,600	0.25
2-Jan-81	40.25	42.25	37.25	37.25	10,512,400	0.27
1-Dec-80	43.5	44.75	38.5	40.25	14,352,800	0.29
3-Nov-80	42	49.75	42	46.5	10,829,300	0.34
9-Oct-80	2: 1 Stock Split					
1-Oct-80	90	99.25	41	42	10,229,800	0.31
2-Sep-80	88.75	95.5	87	89	8,856,600	0.32
1-Aug-80	84.25	93.5	83.5	87.5	13,809,300	0.32
1-Jul-80	66.75	85.25	66.75	84.75	14,235,900	0.31
2-Jun-80	68.25	69.25	65	65.75	10,444,800	0.24
1-May-80	61.5	69	61.5	68	9,401,600	0.25
1-Apr-80	62	63.5	55	61.25	12,364,800	0.22
17-Mar-80	62.5	64.5	57.5	61.75	15,586,900	0.22
