1-Mar-16	1,937.09	2,022.37	1,937.09	2,022.19	5,199,996,600	2,022.19
1-Feb-16	1,936.94	1,962.96	1,810.10	1,932.23	4,881,887,000	1,932.23
4-Jan-16	2,038.20	2,038.20	1,812.29	1,940.24	5,153,017,800	1,940.24
1-Dec-15	2,082.93	2,104.27	1,993.26	2,043.94	3,922,935,900	2,043.94
2-Nov-15	2,080.76	2,116.48	2,019.39	2,080.41	4,007,931,000	2,080.41
1-Oct-15	1,919.65	2,094.32	1,893.70	2,079.36	4,095,504,500	2,079.36
1-Sep-15	1,970.09	2,020.86	1,871.91	1,920.03	4,024,497,100	1,920.03
3-Aug-15	2,104.49	2,112.66	1,867.01	1,972.18	4,216,280,400	1,972.18
1-Jul-15	2,067.00	2,132.82	2,044.02	2,103.84	3,709,178,600	2,103.84
1-Jun-15	2,108.64	2,129.87	2,056.32	2,063.11	3,513,296,300	2,063.11
1-May-15	2,087.38	2,134.72	2,067.93	2,107.39	3,455,756,000	2,107.39
1-Apr-15	2,067.63	2,125.92	2,048.38	2,085.51	3,521,458,000	2,085.51
2-Mar-15	2,105.23	2,117.52	2,039.69	2,067.89	3,638,745,400	2,067.89
2-Feb-15	1,996.67	2,119.59	1,980.90	2,104.50	3,806,470,500	2,104.50
2-Jan-15	2,058.90	2,072.36	1,988.12	1,994.99	4,091,934,500	1,994.99
1-Dec-14	2,065.78	2,093.55	1,972.56	2,058.90	3,788,631,300	2,058.90
3-Nov-14	2,018.21	2,075.76	2,001.01	2,067.56	3,479,201,500	2,067.56
1-Oct-14	1,971.44	2,018.19	1,820.66	2,018.05	4,260,310,800	2,018.05
2-Sep-14	2,004.07	2,019.26	1,964.04	1,972.29	3,364,623,800	1,972.29
1-Aug-14	1,929.80	2,005.04	1,904.78	2,003.37	2,875,718,500	2,003.37
1-Jul-14	1,962.29	1,991.39	1,930.67	1,930.67	3,214,440,400	1,930.67
2-Jun-14	1,923.87	1,968.17	1,915.98	1,960.23	3,158,130,000	1,960.23
1-May-14	1,884.39	1,924.03	1,859.79	1,923.57	3,185,100,900	1,923.57
1-Apr-14	1,873.96	1,897.28	1,814.36	1,883.95	3,589,287,600	1,883.95
3-Mar-14	1,857.68	1,883.97	1,834.44	1,872.34	3,579,015,700	1,872.34
3-Feb-14	1,782.68	1,867.92	1,737.92	1,859.45	3,875,949,400	1,859.45
2-Jan-14	1,845.86	1,850.84	1,770.45	1,782.59	3,806,266,600	1,782.59
2-Dec-13	1,806.55	1,849.44	1,767.99	1,848.36	3,203,412,300	1,848.36
1-Nov-13	1,758.70	1,813.55	1,746.20	1,805.81	3,261,324,500	1,805.81
1-Oct-13	1,682.41	1,775.22	1,646.47	1,756.54	3,498,866,500	1,756.54
3-Sep-13	1,635.95	1,729.86	1,633.41	1,681.55	3,474,152,000	1,681.55
1-Aug-13	1,689.42	1,709.67	1,627.47	1,632.97	3,069,868,600	1,632.97
1-Jul-13	1,609.78	1,698.78	1,604.57	1,685.73	3,270,645,900	1,685.73
3-Jun-13	1,631.71	1,654.19	1,560.33	1,606.28	3,996,199,000	1,606.28
1-May-13	1,597.55	1,687.18	1,581.28	1,630.74	3,661,220,400	1,630.74
1-Apr-13	1,569.18	1,597.57	1,536.03	1,597.57	3,674,685,000	1,597.57
1-Mar-13	1,514.68	1,570.28	1,501.48	1,569.19	3,591,577,500	1,569.19
1-Feb-13	1,498.11	1,530.94	1,485.01	1,514.68	3,851,884,200	1,514.68
2-Jan-13	1,426.19	1,509.94	1,426.19	1,498.11	3,802,304,200	1,498.11
3-Dec-12	1,416.34	1,448.00	1,398.11	1,426.19	3,479,625,500	1,426.19
1-Nov-12	1,412.20	1,434.27	1,343.35	1,416.18	3,593,110,000	1,416.18
1-Oct-12	1,440.90	1,470.96	1,403.28	1,412.16	3,587,115,700	1,412.16
4-Sep-12	1,406.54	1,474.51	1,396.56	1,440.67	3,857,553,100	1,440.67
1-Aug-12	1,379.32	1,426.68	1,354.65	1,406.58	3,183,567,800	1,406.58
2-Jul-12	1,362.33	1,391.74	1,325.41	1,379.32	3,663,113,300	1,379.32
1-Jun-12	1,309.87	1,363.46	1,266.74	1,362.16	4,103,472,300	1,362.16
1-May-12	1,397.86	1,415.32	1,291.98	1,310.33	4,158,095,900	1,310.33
2-Apr-12	1,408.47	1,422.38	1,357.38	1,397.91	3,916,786,000	1,397.91
1-Mar-12	1,365.90	1,419.15	1,340.03	1,408.47	3,980,752,200	1,408.47
1-Feb-12	1,312.45	1,378.04	1,312.45	1,365.68	4,143,404,000	1,365.68
3-Jan-12	1,258.86	1,333.47	1,258.86	1,312.41	4,190,155,500	1,312.41
1-Dec-11	1,246.91	1,269.37	1,202.37	1,257.60	3,667,346,600	1,257.60
1-Nov-11	1,251.00	1,277.55	1,158.66	1,246.96	4,289,379,000	1,246.96
3-Oct-11	1,131.21	1,292.66	1,074.77	1,253.30	4,874,946,600	1,253.30
1-Sep-11	1,219.12	1,229.29	1,114.22	1,131.42	5,104,933,800	1,131.42
1-Aug-11	1,292.59	1,307.38	1,101.54	1,218.89	4,942,913,400	1,218.89
1-Jul-11	1,320.64	1,356.48	1,282.86	1,292.28	4,308,168,000	1,292.28
1-Jun-11	1,345.20	1,345.20	1,258.07	1,320.64	4,105,601,300	1,320.64
2-May-11	1,365.21	1,370.58	1,311.80	1,345.20	4,114,534,200	1,345.20
1-Apr-11	1,329.48	1,364.56	1,294.70	1,363.61	4,042,194,000	1,363.61
1-Mar-11	1,328.64	1,332.28	1,249.05	1,325.83	4,046,691,700	1,325.83
1-Feb-11	1,289.14	1,344.07	1,289.14	1,327.22	3,182,974,200	1,327.22
3-Jan-11	1,257.62	1,302.67	1,257.62	1,286.12	4,816,605,000	1,286.12
1-Dec-10	1,186.60	1,262.60	1,186.60	1,257.64	3,762,922,700	1,257.64
1-Nov-10	1,185.71	1,227.08	1,173.00	1,180.55	4,354,084,200	1,180.55
1-Oct-10	1,143.49	1,196.14	1,131.87	1,183.26	4,432,102,300	1,183.26
30-Sep-10	1,145.97	1,157.16	1,136.08	1,141.20	8,568,320,000	1,141.20
1-Sep-10	1,049.72	1,157.16	1,049.72	1,141.20	60,297,300	1,141.20
2-Aug-10	1,107.53	1,129.24	1,039.70	1,049.33	4,080,773,600	1,049.33
1-Jul-10	1,031.10	1,120.95	1,010.91	1,101.60	4,704,026,600	1,101.60
1-Jun-10	1,087.30	1,131.23	1,028.33	1,030.71	5,235,174,000	1,030.71
3-May-10	1,188.58	1,205.13	1,040.78	1,089.41	6,626,699,400	1,089.41
1-Apr-10	1,171.23	1,219.80	1,170.69	1,186.69	5,847,150,900	1,186.69
1-Mar-10	1,105.36	1,180.69	1,105.36	1,169.43	4,702,951,700	1,169.43
1-Feb-10	1,073.89	1,112.42	1,044.50	1,104.49	4,658,238,400	1,104.49
4-Jan-10	1,116.56	1,150.45	1,071.59	1,073.87	5,071,601,500	1,073.87
1-Dec-09	1,098.89	1,130.38	1,085.89	1,115.10	4,163,287,200	1,115.10
2-Nov-09	1,036.18	1,113.69	1,029.38	1,095.63	4,443,852,500	1,095.63
1-Oct-09	1,054.91	1,101.36	1,019.95	1,036.19	5,451,064,000	1,036.19
1-Sep-09	1,019.52	1,080.15	991.97	1,057.08	5,633,064,200	1,057.08
3-Aug-09	990.22	1,039.47	978.51	1,020.62	5,764,944,200	1,020.62
1-Jul-09	920.82	996.68	869.32	987.48	5,080,675,400	987.48
1-Jun-09	923.26	956.23	888.86	919.32	5,330,941,800	919.32
1-May-09	872.74	930.17	866.1	919.14	6,883,268,000	919.14
1-Apr-09	793.59	888.7	783.32	872.81	6,938,945,600	872.81
2-Mar-09	729.57	832.98	666.79	797.87	7,633,306,300	797.87
2-Feb-09	823.09	875.01	734.52	735.09	7,022,036,200	735.09
2-Jan-09	902.99	943.85	804.3	825.88	5,872,061,000	825.88
1-Dec-08	888.61	918.85	815.69	903.25	5,320,791,300	903.25
3-Nov-08	968.67	1,007.51	741.02	896.24	6,231,635,200	896.24
1-Oct-08	1,164.17	1,167.03	839.8	968.75	7,226,842,600	968.75
2-Sep-08	1,287.83	1,303.04	1,106.42	1,166.36	6,902,142,800	1,166.36
1-Aug-08	1,269.42	1,313.15	1,247.45	1,282.83	4,264,482,300	1,282.83
1-Jul-08	1,276.69	1,292.17	1,200.44	1,267.38	5,923,937,200	1,267.38
2-Jun-08	1,399.62	1,404.05	1,272.00	1,280.00	4,840,303,300	1,280.00
1-May-08	1,385.97	1,440.24	1,373.07	1,400.38	4,039,814,700	1,400.38
1-Apr-08	1,326.41	1,404.57	1,324.35	1,385.59	4,113,069,000	1,385.59
3-Mar-08	1,330.45	1,359.68	1,256.98	1,322.70	4,868,908,000	1,322.70
1-Feb-08	1,378.60	1,396.02	1,316.75	1,330.63	4,148,143,000	1,330.63
2-Jan-08	1,467.97	1,471.77	1,270.05	1,378.55	4,925,982,300	1,378.55
3-Dec-07	1,479.63	1,523.57	1,435.65	1,468.36	3,363,127,500	1,468.36
1-Nov-07	1,545.79	1,545.79	1,406.10	1,481.14	4,317,578,500	1,481.14
1-Oct-07	1,527.29	1,576.09	1,489.56	1,549.38	3,477,202,100	1,549.38
4-Sep-07	1,473.96	1,538.74	1,439.29	1,526.75	3,196,581,500	1,526.75
1-Aug-07	1,455.18	1,503.89	1,370.60	1,473.99	4,091,885,600	1,473.99
2-Jul-07	1,504.66	1,555.90	1,454.25	1,455.27	3,564,854,700	1,455.27
1-Jun-07	1,530.62	1,540.56	1,484.18	1,503.35	3,261,343,300	1,503.35
1-May-07	1,482.37	1,535.56	1,476.70	1,530.62	3,104,253,600	1,530.62
2-Apr-07	1,420.83	1,498.02	1,416.37	1,482.37	3,006,294,500	1,482.37
1-Mar-07	1,406.80	1,438.89	1,363.98	1,420.86	3,205,736,800	1,420.86
1-Feb-07	1,437.90	1,461.57	1,389.42	1,406.82	2,935,275,700	1,406.82
3-Jan-07	1,418.03	1,441.61	1,403.97	1,438.24	2,983,144,500	1,438.24
1-Dec-06	1,400.63	1,431.81	1,385.93	1,418.30	2,462,849,000	1,418.30
1-Nov-06	1,377.76	1,407.89	1,360.98	1,400.63	2,826,198,000	1,400.63
2-Oct-06	1,335.82	1,389.45	1,327.10	1,377.94	2,708,938,600	1,377.94
1-Sep-06	1,303.80	1,340.28	1,290.93	1,335.85	2,563,743,500	1,335.85
1-Aug-06	1,278.53	1,306.74	1,261.30	1,303.82	2,280,876,500	1,303.82
3-Jul-06	1,270.06	1,280.42	1,224.54	1,276.66	2,440,476,000	1,276.66
1-Jun-06	1,270.05	1,290.68	1,219.29	1,270.20	2,632,855,400	1,270.20
1-May-06	1,310.61	1,326.70	1,245.34	1,270.09	2,591,135,900	1,270.09
3-Apr-06	1,302.88	1,318.16	1,280.74	1,310.61	2,406,755,200	1,310.61
1-Mar-06	1,280.66	1,310.88	1,268.42	1,294.87	2,310,510,800	1,294.87
1-Feb-06	1,280.08	1,297.57	1,253.61	1,280.66	2,380,568,400	1,280.66
3-Jan-06	1,248.29	1,294.90	1,245.74	1,280.08	2,595,998,000	1,280.08
1-Dec-05	1,249.48	1,275.80	1,246.59	1,248.29	2,057,125,200	1,248.29
1-Nov-05	1,207.01	1,270.64	1,201.07	1,249.48	2,260,836,100	1,249.48
3-Oct-05	1,228.81	1,233.34	1,168.20	1,207.01	2,493,393,300	1,207.01
1-Sep-05	1,220.33	1,243.13	1,205.35	1,228.81	2,232,144,200	1,228.81
1-Aug-05	1,234.18	1,245.86	1,201.07	1,220.33	1,930,243,400	1,220.33
1-Jul-05	1,191.33	1,245.15	1,183.55	1,234.18	1,962,713,500	1,234.18
1-Jun-05	1,191.50	1,219.59	1,188.30	1,191.33	1,929,251,300	1,191.33
2-May-05	1,156.85	1,199.56	1,146.18	1,191.50	1,960,127,100	1,191.50
1-Apr-05	1,180.59	1,191.88	1,136.15	1,156.85	2,180,315,700	1,156.85
31-Mar-05	1,181.41	1,184.53	1,179.49	1,180.59	4,428,460,000	1,180.59
1-Mar-05	1,203.60	1,229.11	1,163.69	1,180.59	14,841,000	1,180.59
1-Feb-05	1,181.27	1,212.44	1,180.95	1,203.60	1,636,467,800	1,203.60
3-Jan-05	1,211.92	1,217.80	1,163.75	1,181.27	1,658,930,000	1,181.27
1-Dec-04	1,173.78	1,217.33	1,173.78	1,211.92	1,449,518,100	1,211.92
1-Nov-04	1,130.20	1,188.46	1,127.60	1,173.82	1,524,465,700	1,173.82
1-Oct-04	1,114.58	1,142.05	1,090.29	1,130.20	1,571,990,400	1,130.20
1-Sep-04	1,104.24	1,131.54	1,099.18	1,114.58	1,360,850,900	1,114.58
2-Aug-04	1,101.72	1,109.68	1,060.72	1,104.24	1,260,227,200	1,104.24
1-Jul-04	1,140.84	1,140.84	1,078.78	1,101.72	1,456,371,400	1,101.72
1-Jun-04	1,120.68	1,146.34	1,113.32	1,140.84	1,381,109,500	1,140.84
3-May-04	1,107.30	1,127.74	1,076.32	1,120.68	1,524,950,000	1,120.68
1-Apr-04	1,126.21	1,150.57	1,107.23	1,107.30	1,583,171,400	1,107.30
1-Mar-04	1,144.94	1,163.23	1,087.16	1,126.21	1,528,634,700	1,126.21
2-Feb-04	1,131.13	1,158.98	1,124.44	1,144.94	1,554,000,000	1,144.94
2-Jan-04	1,111.92	1,155.38	1,105.08	1,131.13	1,722,750,000	1,131.13
1-Dec-03	1,058.20	1,112.56	1,053.41	1,111.92	1,312,119,500	1,111.92
3-Nov-03	1,050.71	1,063.65	1,031.20	1,058.20	1,313,181,000	1,058.20
1-Oct-03	995.97	1,053.79	995.97	1,050.71	1,469,452,100	1,050.71
2-Sep-03	1,008.01	1,040.29	990.36	995.97	1,501,457,600	995.97
1-Aug-03	990.31	1,011.01	960.84	1,008.01	1,229,836,600	1,008.01
1-Jul-03	974.5	1,015.41	962.1	990.31	1,507,327,200	990.31
2-Jun-03	963.59	1,015.33	963.59	974.5	1,562,219,000	974.5
1-May-03	916.92	965.38	902.83	963.59	1,554,328,500	963.59
1-Apr-03	848.18	924.24	847.85	916.92	1,498,005,700	916.92
3-Mar-03	841.15	895.9	788.9	848.18	1,503,596,600	848.18
3-Feb-03	855.7	864.64	806.29	841.15	1,400,452,600	841.15
2-Jan-03	879.82	935.05	840.34	855.7	1,539,433,800	855.7
2-Dec-02	936.31	954.28	869.45	879.82	1,289,625,700	879.82
1-Nov-02	885.76	941.82	872.05	936.31	1,492,221,000	936.31
1-Oct-02	815.28	907.44	768.63	885.76	1,717,287,300	885.76
3-Sep-02	916.07	924.02	800.2	815.28	1,472,279,000	815.28
1-Aug-02	911.62	965	833.44	916.07	1,374,013,600	916.07
1-Jul-02	989.82	994.46	775.68	911.62	2,012,640,000	911.62
3-Jun-02	1,067.14	1,070.74	952.92	989.82	1,604,925,500	989.82
1-May-02	1,076.92	1,106.59	1,048.96	1,067.14	1,281,036,300	1,067.14
1-Apr-02	1,147.39	1,147.84	1,063.46	1,076.92	1,372,613,600	1,076.92
1-Mar-02	1,106.73	1,173.94	1,106.73	1,147.39	1,385,540,000	1,147.39
1-Feb-02	1,130.20	1,130.20	1,074.36	1,106.73	1,444,200,000	1,106.73
2-Jan-02	1,148.08	1,176.97	1,081.66	1,130.20	1,490,628,500	1,130.20
3-Dec-01	1,139.45	1,173.62	1,114.53	1,148.08	1,303,608,500	1,148.08
1-Nov-01	1,059.78	1,163.38	1,054.31	1,139.45	1,317,790,400	1,139.45
1-Oct-01	1,040.94	1,110.61	1,026.76	1,059.78	1,361,033,900	1,059.78
4-Sep-01	1,133.58	1,155.40	944.75	1,040.94	1,777,119,300	1,040.94
1-Aug-01	1,211.23	1,226.27	1,124.87	1,133.58	1,055,621,700	1,133.58
2-Jul-01	1,224.42	1,239.78	1,165.54	1,211.23	1,186,805,200	1,211.23
1-Jun-01	1,255.82	1,286.62	1,203.03	1,224.38	1,265,732,800	1,224.38
1-May-01	1,249.46	1,315.93	1,232.00	1,255.82	1,170,568,100	1,255.82
2-Apr-01	1,160.33	1,269.30	1,091.99	1,249.46	1,333,839,500	1,249.46
1-Mar-01	1,239.94	1,267.42	1,081.19	1,160.33	1,322,155,000	1,160.33
1-Feb-01	1,366.01	1,376.38	1,215.44	1,239.94	1,203,668,400	1,239.94
2-Jan-01	1,320.28	1,383.37	1,274.62	1,366.01	1,386,909,500	1,366.01
1-Dec-00	1,314.95	1,389.05	1,254.07	1,320.28	1,232,315,000	1,320.28
1-Nov-00	1,429.40	1,438.46	1,294.90	1,314.95	1,034,230,000	1,314.95
2-Oct-00	1,436.52	1,454.82	1,305.79	1,429.40	1,241,718,100	1,429.40
1-Sep-00	1,517.68	1,530.09	1,419.44	1,436.51	1,101,770,000	1,436.51
1-Aug-00	1,430.83	1,525.21	1,425.43	1,517.68	931,317,300	1,517.68
3-Jul-00	1,454.60	1,517.32	1,413.89	1,430.83	1,002,085,000	1,430.83
1-Jun-00	1,420.60	1,488.93	1,420.60	1,454.60	1,054,454,500	1,454.60
1-May-00	1,452.43	1,481.51	1,361.09	1,420.60	948,127,200	1,420.60
3-Apr-00	1,498.58	1,527.19	1,339.40	1,452.43	1,110,055,700	1,452.43
1-Mar-00	1,366.42	1,552.87	1,346.62	1,498.58	1,190,591,300	1,498.58
1-Feb-00	1,394.46	1,444.55	1,325.07	1,366.42	1,105,815,000	1,366.42
3-Jan-00	1,469.25	1,478.00	1,350.14	1,394.46	1,124,410,000	1,394.46
1-Dec-99	1,388.91	1,473.10	1,387.38	1,469.25	909,760,900	1,469.25
1-Nov-99	1,362.93	1,425.31	1,346.41	1,388.91	920,777,100	1,388.91
1-Oct-99	1,282.71	1,373.17	1,233.70	1,362.93	950,119,000	1,362.93
30-Sep-99	1,268.37	1,291.31	1,268.37	1,282.71	2,035,200,000	1,282.71
1-Sep-99	1,320.41	1,361.39	1,256.26	1,282.71	4,198,200	1,282.71
2-Aug-99	1,328.72	1,382.84	1,267.73	1,320.41	758,193,100	1,320.41
1-Jul-99	1,372.71	1,420.33	1,328.49	1,328.72	765,225,200	1,328.72
1-Jun-99	1,301.84	1,372.93	1,277.47	1,372.71	781,644,000	1,372.71
3-May-99	1,335.18	1,375.98	1,277.31	1,301.84	826,511,000	1,301.84
1-Apr-99	1,286.37	1,371.56	1,282.56	1,335.18	926,652,300	1,335.18
1-Mar-99	1,238.33	1,323.82	1,216.03	1,286.37	822,904,300	1,286.37
1-Feb-99	1,279.64	1,283.84	1,211.89	1,238.33	807,392,600	1,238.33
4-Jan-99	1,229.23	1,280.37	1,205.46	1,279.64	901,605,200	1,279.64
1-Dec-98	1,163.63	1,244.93	1,136.89	1,229.23	722,756,800	1,229.23
2-Nov-98	1,098.67	1,192.97	1,098.67	1,163.63	706,959,000	1,163.63
1-Oct-98	1,017.01	1,103.78	923.32	1,098.67	853,938,600	1,098.67
1-Sep-98	957.28	1,066.11	939.98	1,017.01	834,008,500	1,017.01
3-Aug-98	1,120.67	1,121.79	957.28	957.28	761,383,300	957.28
1-Jul-98	1,133.84	1,190.58	1,114.30	1,120.67	674,577,700	1,120.67
1-Jun-98	1,090.82	1,145.15	1,074.67	1,133.84	650,416,800	1,133.84
1-May-98	1,111.75	1,130.52	1,074.39	1,090.82	601,696,000	1,090.82
1-Apr-98	1,101.75	1,132.98	1,076.70	1,111.75	683,412,300	1,111.75
2-Mar-98	1,049.34	1,113.07	1,030.87	1,101.75	654,296,300	1,101.75
2-Feb-98	980.28	1,051.66	980.28	1,049.34	643,738,400	1,049.34
2-Jan-98	970.43	992.65	912.83	980.28	667,360,500	980.28
1-Dec-97	955.4	986.25	924.92	970.43	564,825,400	970.43
3-Nov-97	914.62	964.55	900.61	955.4	545,404,700	955.4
1-Oct-97	947.28	983.12	855.27	914.62	637,188,200	914.62
2-Sep-97	899.47	960.59	899.47	947.28	570,023,800	947.28
1-Aug-97	954.29	964.17	893.34	899.47	524,762,300	899.47
1-Jul-97	885.14	957.73	884.54	954.31	568,452,200	954.31
2-Jun-97	848.28	902.09	838.82	885.14	543,785,200	885.14
1-May-97	801.34	851.87	793.21	848.28	506,850,000	848.28
1-Apr-97	757.12	804.13	733.54	801.34	500,497,700	801.34
3-Mar-97	790.82	814.9	756.13	757.12	533,832,000	757.12
3-Feb-97	786.16	817.68	773.43	790.82	538,116,300	790.82
2-Jan-97	740.74	794.67	729.55	786.16	555,199,000	786.16
2-Dec-96	757.02	761.75	716.69	740.74	451,853,800	740.74
1-Nov-96	705.27	762.12	701.3	757.02	438,942,000	757.02
1-Oct-96	687.31	714.1	684.44	705.27	442,891,700	705.27
3-Sep-96	651.99	690.88	643.97	687.33	422,632,000	687.33
1-Aug-96	639.95	670.68	639.49	651.99	347,213,600	651.99
1-Jul-96	670.63	675.88	605.88	639.95	420,610,000	639.95
3-Jun-96	669.12	680.32	658.75	670.63	420,065,000	670.63
1-May-96	654.17	681.1	630.07	669.12	421,495,000	669.12
1-Apr-96	645.5	656.68	624.14	654.17	441,379,500	654.17
1-Mar-96	640.43	656.97	627.63	645.5	447,510,000	645.5
1-Feb-96	636.02	664.23	633.71	640.43	460,156,500	640.43
2-Jan-96	615.93	636.18	597.29	636.02	439,102,700	636.02
1-Dec-95	605.37	622.88	605.05	615.93	400,939,500	615.93
1-Nov-95	581.5	608.69	581.04	605.37	382,961,900	605.37
2-Oct-95	584.41	590.66	571.55	581.5	382,759,500	581.5
1-Sep-95	561.88	587.61	561.01	584.41	369,404,000	584.41
1-Aug-95	562.06	565.62	553.04	561.88	323,806,000	561.88
3-Jul-95	544.75	565.4	542.51	562.06	379,995,500	562.06
1-Jun-95	533.4	551.07	526	544.75	357,604,500	544.75
1-May-95	514.76	533.41	513.03	533.4	359,721,300	533.4
3-Apr-95	500.7	515.29	500.2	514.71	348,814,200	514.71
1-Mar-95	487.39	508.15	479.7	500.71	354,150,400	500.71
1-Feb-95	470.42	489.19	469.29	487.39	349,858,900	487.39
3-Jan-95	459.21	471.36	457.2	470.42	345,888,000	470.42
1-Dec-94	453.55	462.73	442.88	459.27	314,656,600	459.27
1-Nov-94	472.26	472.26	444.18	453.69	311,899,500	453.69
3-Oct-94	462.69	474.74	449.27	472.35	316,548,500	472.35
1-Sep-94	475.49	475.49	458.47	462.71	306,893,800	462.71
1-Aug-94	458.28	477.59	456.08	475.49	293,626,000	475.49
1-Jul-94	444.27	459.33	443.58	458.26	262,483,000	458.26
1-Jun-94	456.5	463.23	439.83	444.27	279,367,200	444.27
2-May-94	450.91	457.77	440.78	456.5	280,603,300	456.5
4-Apr-94	445.66	452.79	435.86	450.91	317,314,700	450.91
31-Mar-94	445.55	447.16	436.16	445.77	807,160,000	445.77
1-Mar-94	467.19	471.09	436.16	445.77	1,375,000	445.77
1-Feb-94	481.6	482.23	464.26	467.14	322,199,400	467.14
3-Jan-94	466.51	482.85	464.36	481.61	330,964,700	481.61
1-Dec-93	461.93	471.29	461.45	466.45	270,900,000	466.45
1-Nov-93	467.83	469.11	454.36	461.79	293,489,000	461.79
1-Oct-93	458.93	471.1	456.4	467.83	295,763,300	467.83
1-Sep-93	463.55	463.8	449.64	458.93	277,795,200	458.93
2-Aug-93	448.13	463.56	446.94	463.56	261,774,000	463.56
1-Jul-93	450.54	451.15	441.4	448.13	264,902,300	448.13
1-Jun-93	450.23	455.63	442.5	450.53	264,796,300	450.53
3-May-93	440.19	454.55	436.86	450.19	265,823,000	450.19
1-Apr-93	451.67	452.63	432.3	440.19	290,506,100	440.19
1-Mar-93	443.38	456.76	441.07	451.67	262,875,600	451.67
1-Feb-93	438.78	450.04	428.25	443.38	298,768,900	443.38
4-Jan-93	435.7	442.66	426.88	438.78	276,402,500	438.78
1-Dec-92	431.35	442.65	428.61	435.71	229,184,500	435.71
2-Nov-92	418.66	431.93	415.58	431.35	218,946,000	431.35
1-Oct-92	417.8	421.16	396.8	418.68	214,042,700	418.68
1-Sep-92	414.03	425.27	412.71	417.8	200,396,100	417.8
3-Aug-92	424.19	425.14	408.3	414.03	181,680,900	414.03
1-Jul-92	408.2	424.8	407.2	424.21	201,733,600	424.21
1-Jun-92	415.35	417.3	399.92	408.14	202,516,300	408.14
1-May-92	414.95	418.75	409.85	415.35	192,399,500	415.35
1-Apr-92	403.67	416.28	392.41	414.95	216,163,300	414.95
2-Mar-92	412.68	413.78	401.94	403.69	193,118,100	403.69
3-Feb-92	408.79	418.08	406.34	412.7	235,259,400	412.7
2-Jan-92	417.03	421.18	408.64	408.78	249,268,100	408.78
2-Dec-91	375.11	418.32	371.36	417.09	209,637,600	417.09
1-Nov-91	392.46	398.22	371.63	375.22	190,722,500	375.22
1-Oct-91	387.86	393.81	376.11	392.45	185,306,900	392.45
3-Sep-91	395.43	397.62	382.77	387.86	170,388,500	387.86
1-Aug-91	387.81	396.82	374.09	395.43	175,330,000	395.43
1-Jul-91	371.18	387.81	370.92	387.81	165,836,300	387.81
3-Jun-91	389.81	389.81	367.98	371.16	171,125,000	371.16
1-May-91	375.35	389.85	365.83	389.83	180,533,600	389.83
1-Apr-91	375.22	391.26	370.27	375.34	191,974,000	375.34
1-Mar-91	367.07	379.66	363.73	375.22	203,933,500	375.22
1-Feb-91	343.91	370.96	340.37	367.07	238,220,000	367.07
2-Jan-91	330.2	343.93	309.35	343.93	175,670,900	343.93
3-Dec-90	322.23	333.98	321.97	330.22	161,548,000	330.22
1-Nov-90	303.99	323.02	301.61	322.22	159,148,500	322.22
1-Oct-90	306.1	319.69	294.51	304	166,433,000	304
4-Sep-90	322.56	326.53	295.98	306.05	152,015,200	306.05
1-Aug-90	356.15	357.35	306.18	322.56	179,009,100	322.56
2-Jul-90	358.02	369.78	350.09	356.15	168,996,100	356.15
1-Jun-90	361.26	368.78	351.23	358.02	160,561,400	358.02
1-May-90	330.8	362.26	330.8	361.23	171,016,800	361.23
2-Apr-90	339.94	347.3	327.76	330.8	146,198,500	330.8
1-Mar-90	331.89	344.49	331.08	339.94	155,573,600	339.94
1-Feb-90	329.08	336.09	322.1	331.89	165,598,400	331.89
2-Jan-90	353.4	360.59	319.83	329.08	181,041,300	329.08
1-Dec-89	346.01	354.1	339.63	353.4	167,968,000	353.4
1-Nov-89	340.36	346.5	330.91	345.99	151,683,800	345.99
2-Oct-89	349.15	360.44	327.12	340.36	190,398,600	340.36
1-Sep-89	351.45	354.13	341.37	349.15	159,516,000	349.15
1-Aug-89	346.08	352.73	339	351.45	177,996,500	351.45
3-Jul-89	317.98	346.08	317.26	346.08	170,784,000	346.08
1-Jun-89	320.51	329.19	314.38	317.98	188,049,000	317.98
1-May-89	309.64	323.06	304.06	320.52	177,720,400	320.52
3-Apr-89	294.87	310.45	294.35	309.64	169,782,000	309.64
1-Mar-89	288.86	299.99	286.46	294.87	167,067,700	294.87
1-Feb-89	297.47	300.57	286.26	288.86	177,037,300	288.86
3-Jan-89	277.72	297.51	273.81	297.47	177,441,400	297.47
1-Dec-88	273.68	280.45	270.47	277.72	141,529,000	277.72
1-Nov-88	278.97	280.37	262.85	273.7	141,934,700	273.7
3-Oct-88	271.89	283.95	268.84	278.97	169,458,000	278.97
30-Sep-88	272.55	274.87	271.66	271.91	351,500,000	271.91
1-Sep-88	261.52	274.87	256.98	271.91	466,300	271.91
1-Aug-88	272.03	274.2	256.53	261.52	150,345,600	261.52
1-Jul-88	273.5	276.36	262.48	272.02	176,540,500	272.02
1-Jun-88	262.16	276.88	262.1	273.5	206,096,300	273.5
2-May-88	261.36	263.7	248.85	262.16	165,665,700	262.16
4-Apr-88	258.89	272.05	254.71	261.33	169,819,000	261.33
1-Mar-88	267.82	272.64	256.07	258.89	182,297,300	258.89
1-Feb-88	257.05	267.82	247.82	267.82	196,464,500	267.82
4-Jan-88	247.1	261.78	240.17	257.07	185,329,000	257.07
1-Dec-87	230.32	253.35	221.24	247.08	186,222,200	247.08
2-Nov-87	251.73	257.21	225.75	230.3	192,922,000	230.3
1-Oct-87	321.83	328.94	216.46	251.79	290,813,600	251.79
1-Sep-87	329.81	332.18	308.56	321.83	186,014,200	321.83
3-Aug-87	318.62	337.89	314.51	329.8	201,342,800	329.8
1-Jul-87	303.99	318.85	302.53	318.66	188,559,000	318.66
1-Jun-87	290.12	310.27	286.93	304	170,931,800	304
1-May-87	286.99	298.69	277.01	290.1	178,560,000	290.1
1-Apr-87	291.59	303.65	275.67	288.36	195,942,800	288.36
2-Mar-87	284.17	302.72	282.3	291.7	188,040,900	291.7
2-Feb-87	274.08	287.55	273.16	284.2	190,952,600	284.2
2-Jan-87	242.17	280.96	242.17	274.08	200,203,800	274.08
1-Dec-86	249.22	254.87	241.28	242.17	154,548,600	242.17
3-Nov-86	243.97	249.22	235.51	249.22	159,703,100	249.22
1-Oct-86	231.32	244.51	231.32	243.98	137,562,600	243.98
2-Sep-86	252.93	254.13	228.08	231.32	156,723,800	231.32
1-Aug-86	236.12	254.24	231.92	252.93	134,628,500	252.93
1-Jul-86	250.67	253.2	233.07	236.12	142,845,400	236.12
2-Jun-86	246.04	251.81	238.23	250.84	132,604,700	250.84
1-May-86	235.52	249.19	232.26	247.35	134,830,400	247.35
1-Apr-86	238.9	245.47	226.3	235.52	153,995,400	235.52
3-Mar-86	226.92	240.11	222.18	238.9	167,450,000	238.9
3-Feb-86	211.78	227.92	210.82	226.92	162,673,600	226.92
2-Jan-86	211.28	214.57	202.6	211.78	137,386,800	211.78
2-Dec-85	202.17	213.08	200.1	211.28	138,908,500	211.28
1-Nov-85	189.82	203.4	189.37	202.17	126,471,500	202.17
1-Oct-85	182.06	190.15	181.16	189.82	115,858,200	189.82
3-Sep-85	188.63	188.8	179.45	182.08	103,355,700	182.08
1-Aug-85	190.92	192.17	186.1	188.63	91,128,100	188.63
1-Jul-85	191.85	196.07	189.3	190.92	117,603,100	190.92
3-Jun-85	189.55	191.85	185.03	191.85	111,110,000	191.85
1-May-85	179.83	189.98	178.35	189.55	112,929,000	189.55
1-Apr-85	180.66	183.61	177.86	179.83	99,699,000	179.83
1-Mar-85	181.18	183.89	176.53	180.66	107,356,600	180.66
1-Feb-85	179.63	183.95	177.75	181.18	120,806,300	181.18
2-Jan-85	167.2	180.27	163.36	179.63	127,555,000	179.63
3-Dec-84	163.58	169.03	161.54	167.24	93,063,000	167.24
1-Nov-84	166.09	170.41	162.99	163.58	87,374,200	163.58
1-Oct-84	166.1	169.62	160.02	166.09	95,744,300	166.09
4-Sep-84	166.68	169.65	163.06	166.1	97,242,600	166.1
1-Aug-84	150.66	168.8	150.66	166.68	112,364,300	166.68
2-Jul-84	153.16	153.87	147.26	150.66	83,290,900	150.66
1-Jun-84	150.55	155.64	148.53	153.18	90,649,500	153.18
1-May-84	160.05	162.11	148.68	150.55	91,883,600	150.55
2-Apr-84	159.18	160.69	154.12	160.05	89,513,500	160.05
1-Mar-84	157.06	160.46	153.77	159.18	87,568,600	159.18
1-Feb-84	163.41	164	152.13	157.06	101,281,000	157.06
3-Jan-84	164.93	169.54	162.03	163.41	110,912,800	163.41
1-Dec-83	166.37	166.77	161.58	164.93	91,461,900	164.93
1-Nov-83	163.55	168.07	161.63	166.4	92,130,400	166.4
3-Oct-83	165.99	172.65	162.86	163.55	89,241,900	163.55
1-Sep-83	164.4	170.41	163.95	166.07	86,222,300	166.07
1-Aug-83	162.34	165.91	158.5	164.4	77,705,600	164.4
1-Jul-83	168.11	170.72	161.5	162.56	84,270,500	162.56
1-Jun-83	162.38	171.6	160.8	167.64	93,189,500	167.64
2-May-83	164.41	166.99	160.29	162.39	96,525,700	162.39
4-Apr-83	152.92	164.43	150.17	164.43	94,631,000	164.43
31-Mar-83	153.41	155.02	152.86	152.96	201,140,000	152.96
1-Mar-83	148.07	155.02	148.07	152.96	240,300	152.96
1-Feb-83	145.29	150.88	141.9	148.06	89,431,500	148.06
3-Jan-83	140.65	148.36	138.08	145.3	91,654,200	145.3
1-Dec-82	138.56	143.68	134.79	140.64	78,372,200	140.64
1-Nov-82	133.72	144.36	132.89	138.53	92,881,400	138.53
1-Oct-82	120.4	140.4	120.15	133.72	102,066,100	133.72
1-Sep-82	119.52	126.43	117.84	120.42	76,697,600	120.42
2-Aug-82	107.71	120.26	102.2	119.51	79,960,400	119.51
1-Jul-82	109.52	112.39	105.57	107.09	56,402,800	107.09
1-Jun-82	111.97	112.48	107.01	109.61	53,445,900	109.61
3-May-82	115.96	119.92	111.66	111.88	53,518,000	111.88
1-Apr-82	111.96	119.33	111.48	116.44	56,413,800	116.44
1-Mar-82	113.11	114.8	104.46	111.96	57,043,000	111.96
1-Feb-82	119.81	119.81	110.03	113.11	53,475,200	113.11
4-Jan-82	122.55	123.72	113.63	120.4	52,087,000	120.4
1-Dec-81	126.35	127.32	121.04	122.55	45,465,900	122.55
2-Nov-81	122.35	126.97	119.13	126.35	51,775,000	126.35
1-Oct-81	116.18	123.28	115	121.89	48,051,300	121.89
1-Sep-81	122.79	124.58	110.19	116.18	47,611,400	116.18
3-Aug-81	130.92	135.18	122.29	122.79	45,757,600	122.79
1-Jul-81	131.21	131.78	125.96	130.92	45,338,600	130.92
1-Jun-81	132.59	135.67	128.77	131.21	51,932,700	131.21
1-May-81	132.81	134.92	128.78	132.59	47,850,500	132.59
1-Apr-81	136	137.72	131.58	132.81	55,782,800	132.81
2-Mar-81	131.27	138.38	128.56	136	55,705,000	136
2-Feb-81	129.48	132.02	124.66	131.27	45,764,200	131.27
2-Jan-81	135.76	140.32	128.57	129.55	47,460,900	129.55
1-Dec-80	140.52	140.66	125.32	135.76	48,493,600	135.76
3-Nov-80	127.47	141.96	127.23	140.52	56,797,200	140.52
1-Oct-80	125.46	135.88	124.66	127.47	46,604,300	127.47
2-Sep-80	122.38	132.17	121.79	125.46	52,285,700	125.46
1-Aug-80	121.67	127.78	119.42	122.38	47,579,500	122.38
1-Jul-80	114.24	123.93	113.54	121.67	48,926,300	121.67
2-Jun-80	111.24	117.98	109.77	114.24	40,931,900	114.24
1-May-80	106.29	112.72	103.5	111.24	38,082,800	111.24
1-Apr-80	102.09	106.79	98.95	106.29	33,570,900	106.29
3-Mar-80	113.66	114.34	94.23	102.09	43,442,300	102.09
1-Feb-80	114.16	120.22	111.33	113.66	49,767,000	113.66
2-Jan-80	107.94	117.17	103.26	114.16	55,642,700	114.16
3-Dec-79	106.16	110.33	105.07	107.94	37,087,000	107.94
1-Nov-79	101.82	107.89	99.42	106.16	32,577,600	106.16
1-Oct-79	109.19	112.16	99.06	101.82	38,509,100	101.82
4-Sep-79	109.32	111.58	105.38	109.32	39,467,800	109.32
1-Aug-79	103.81	109.84	103.14	109.32	37,018,200	109.32
2-Jul-79	102.91	105.17	100.35	103.81	34,052,300	103.81
1-Jun-79	99.08	103.67	98.57	102.91	36,685,700	102.91
1-May-79	101.76	102.57	97.49	99.08	29,729,000	99.08
2-Apr-79	101.56	103.95	100.14	101.76	32,354,500	101.76
1-Mar-79	96.28	103.31	95.98	101.59	30,898,600	101.59
1-Feb-79	99.93	100.52	95.38	96.28	26,357,800	96.28
2-Jan-79	96.11	102.59	95.22	99.93	29,366,300	99.93
1-Dec-78	95.01	98.58	92.64	96.11	26,123,500	96.11
1-Nov-78	94.13	97.41	91.77	94.7	25,452,800	94.7
2-Oct-78	102.54	106.23	91.65	93.15	32,957,200	93.15
1-Sep-78	103.29	108.05	100.66	102.54	34,795,000	102.54
1-Aug-78	100.68	106.27	99.95	103.29	39,078,200	103.29
3-Jul-78	95.53	101.18	93.59	100.68	28,774,000	100.68
1-Jun-78	97.24	101.84	93.99	95.53	31,108,600	95.53
1-May-78	96.83	100.32	94.57	97.24	36,582,700	97.24
3-Apr-78	89.2	97.91	88.07	96.83	36,422,500	96.83
1-Mar-78	87.04	91.35	86.45	89.21	23,532,200	89.21
1-Feb-78	89.25	91.32	86.58	87.04	20,439,400	87.04
3-Jan-78	95.1	95.15	88.02	89.25	21,333,800	89.25
1-Dec-77	94.83	95.67	91.76	95.1	22,596,600	95.1
1-Nov-77	92.19	97.11	90.01	94.83	24,635,700	94.83
3-Oct-77	96.53	97.27	90.2	92.34	20,501,900	92.34
30-Sep-77	95.85	96.85	95.66	96.53	42,340,000	96.53
1-Sep-77	96.77	98.43	94.44	96.53	41,600	96.53
1-Aug-77	98.85	99.84	95.04	96.77	19,683,900	96.77
1-Jul-77	100.48	102.57	97.71	98.85	24,885,700	98.85
1-Jun-77	96.12	101.65	95.89	100.48	22,934,500	100.48
2-May-77	98.44	100.93	95.52	96.12	21,124,700	96.12
1-Apr-77	98.42	102.07	96.53	98.44	21,069,500	98.44
1-Mar-77	99.82	102.7	97.8	98.42	19,617,300	98.42
1-Feb-77	102.03	103.32	98.82	99.82	21,824,200	99.82
3-Jan-77	107.46	107.97	100.91	102.03	24,978,000	102.03
1-Dec-76	102.1	107.82	101.62	107.46	25,169,000	107.46
1-Nov-76	102.9	103.78	98.18	102.1	19,902,500	102.1
1-Oct-76	105.24	105.75	99.21	102.9	18,020,000	102.9
1-Sep-76	102.91	108.72	102.6	105.24	20,450,000	105.24
2-Aug-76	103.44	105.41	100.43	102.91	16,461,800	102.91
1-Jul-76	104.28	106.78	102.31	103.44	19,456,600	103.44
1-Jun-76	100.18	105.07	97.97	104.28	20,048,100	104.28
3-May-76	101.64	103.99	98.26	100.18	18,638,500	100.18
1-Apr-76	102.77	104.63	99.57	101.64	19,370,900	101.64
1-Mar-76	99.71	104.39	98.23	102.77	23,787,800	102.77
2-Feb-76	100.86	103.07	98.5	99.71	32,793,100	99.71
2-Jan-76	90.19	101.99	89.81	100.86	32,111,400	100.86
1-Dec-75	91.24	91.9	86.15	90.19	16,633,600	90.19
3-Nov-75	89.04	92.33	87.63	91.24	17,456,800	91.24
1-Oct-75	83.87	91.75	82.57	89.04	16,454,300	89.04
2-Sep-75	86.88	87.42	81.57	83.87	13,697,100	83.87
1-Aug-75	88.75	89.04	82.21	86.88	14,140,400	86.88
1-Jul-75	95.19	96.58	87.68	88.75	20,737,200	88.75
2-Jun-75	91.32	95.85	89.3	95.19	22,210,900	95.19
1-May-75	87.3	93.51	86.94	91.15	22,864,700	91.15
1-Apr-75	83.36	88.79	79.66	87.3	21,336,800	87.3
3-Mar-75	81.59	87.08	80.08	83.36	23,494,000	83.36
3-Feb-75	76.98	83.56	76	81.59	23,221,000	81.59
2-Jan-75	68.65	78.69	68.65	76.98	20,781,300	76.98
2-Dec-74	69.8	69.8	64.13	68.56	16,005,700	68.56
1-Nov-74	73.9	77.41	66.85	69.97	14,709,500	69.97
1-Oct-74	63.54	75.9	60.96	73.9	17,214,700	73.9
3-Sep-74	72.15	73.01	62.52	63.54	14,752,500	63.54
1-Aug-74	79.31	83.53	69.37	72.15	13,469,500	72.15
1-Jul-74	86	86.89	78.96	79.31	12,956,800	79.31
3-Jun-74	87.28	93.76	85.13	86	12,867,500	86
1-May-74	90.31	93.59	85.87	87.28	12,998,100	87.28
1-Apr-74	93.98	95.42	88.62	90.31	12,630,900	90.31
1-Mar-74	96.22	101.05	93.44	93.98	15,321,400	93.98
1-Feb-74	96.57	97.43	89.53	96.22	14,236,300	96.22
2-Jan-74	97.55	100.94	91.62	96.57	17,144,000	96.57
3-Dec-73	95.83	99.09	91.05	97.55	20,392,500	97.55
1-Nov-73	108.29	109.2	94.88	95.96	19,775,200	95.96
1-Oct-73	108.43	112.82	107.08	108.29	19,164,700	108.29
4-Sep-73	104.25	110.45	102.13	108.43	18,177,300	108.43
1-Aug-73	108.17	108.17	99.74	104.25	12,390,800	104.25
2-Jul-73	104.1	111.04	100.44	108.22	15,300,400	108.22
1-Jun-73	104.95	109.52	101.45	104.26	13,308,000	104.26
1-May-73	106.97	112.25	101.36	104.95	15,884,000	104.95
2-Apr-73	111.52	113.65	105.44	106.97	14,640,500	106.97
1-Mar-73	111.68	115.61	107.41	111.52	16,233,600	111.52
1-Feb-73	116.03	118.98	109.8	111.68	17,691,500	111.68
2-Jan-73	118.06	121.74	114.97	116.03	19,458,000	116.03
1-Dec-72	116.67	119.79	114.63	118.05	19,593,600	118.05
1-Nov-72	111.58	117.91	111.32	116.67	21,245,500	116.67
2-Oct-72	110.55	112.26	106.27	111.58	15,125,000	111.58
1-Sep-72	111.09	112.12	107.35	110.55	13,122,000	110.55
1-Aug-72	107.39	113.45	107.06	111.09	16,055,200	111.09
3-Jul-72	107.14	110.27	104.43	107.39	15,001,000	107.39
1-Jun-72	109.53	110.51	105.94	107.14	14,880,400	107.14
1-May-72	107.67	111.48	103.83	109.53	15,958,100	109.53
3-Apr-72	107.2	111.11	106.18	107.67	19,107,500	107.67
30-Mar-72	106.49	107.67	106.07	107.2	28,720,000	107.2
1-Mar-72	106.57	109.75	105.86	107.2	37,600	107.2
1-Feb-72	103.94	107.16	103.1	106.57	19,829,000	106.57
3-Jan-72	102.09	105	100.87	103.94	18,940,000	103.94
1-Dec-71	93.99	102.21	93.95	102.09	17,805,400	102.09
1-Nov-71	94.23	96.08	89.34	93.99	14,034,700	93.99
1-Oct-71	98.34	100.96	92.96	94.23	13,894,700	94.23
1-Sep-71	99.03	102.25	96.97	98.34	12,676,600	98.34
2-Aug-71	95.58	101.51	92.81	99.03	15,043,100	99.03
1-Jul-71	99.16	101.52	95.08	95.58	13,248,000	95.58
1-Jun-71	99.63	102.07	96.92	98.7	14,500,000	98.7
3-May-71	103.95	104.42	98.68	99.63	15,956,000	99.63
1-Apr-71	100.31	105.6	99.63	103.95	19,955,700	103.95
1-Mar-71	96.75	102.03	96.11	100.31	17,716,900	100.31
1-Feb-71	95.88	99.59	94.92	96.75	20,444,200	96.75
4-Jan-71	92.15	96.49	90.64	95.88	18,472,500	95.88
1-Dec-70	87.2	92.99	86.11	92.15	15,846,800	92.15
2-Nov-70	83.25	87.6	82.23	87.2	12,399,500	87.2
1-Oct-70	84.3	87.75	82.29	83.25	12,358,600	83.25
1-Sep-70	81.52	84.99	79.95	84.3	15,148,500	84.3
3-Aug-70	78.05	82.47	74.13	81.52	10,925,200	81.52
1-Jul-70	72.72	79.03	70.69	78.05	10,880,900	78.05
1-Jun-70	76.55	79.96	72.25	72.72	10,713,600	72.72
1-May-70	81.52	82.32	68.61	76.55	12,992,800	76.55
1-Apr-70	89.63	90.7	79.31	81.52	10,590,900	81.52
2-Mar-70	89.5	91.07	86.19	89.63	10,535,700	89.63
2-Feb-70	85.02	90.33	84.64	89.5	12,698,400	89.5
2-Jan-70	92.06	94.25	84.42	85.02	11,114,700	85.02
12/1/1969	93.81	94.47	88.62	92.06	13,260,400	92.06
11/3/1969	97.12	99.23	92.24	93.81	11,692,100	93.81
10/1/1969	93.12	98.83	91.66	97.12	14,052,600	97.12
9/2/1969	95.51	96.62	91.77	93.12	10,872,800	93.12
8/1/1969	91.92	96.43	91.48	95.51	10,025,200	95.51
7/1/1969	97.71	100.33	88.04	91.83	11,543,300	91.83
6/2/1969	103.46	103.75	95.21	97.71	11,608,000	97.71
5/1/1969	103.69	106.74	102.29	103.46	12,778,500	103.46
4/1/1969	101.51	104.56	99.08	103.69	12,203,800	103.69
3/3/1969	98.13	102.35	97.06	101.51	10,577,000	101.51
2/3/1969	103.01	104.61	97.36	98.13	12,026,600	98.13
1/2/1969	103.86	104.87	96.63	103.01	12,664,500	103.01
12/2/1968	108.37	109.37	102.98	103.86	15,589,400	103.86
11/1/1968	103.41	109.09	101.85	108.37	15,661,100	108.37
10/1/1968	102.67	105.78	101.8	103.41	16,102,700	103.41
9/3/1968	98.86	103.63	98.31	102.67	14,230,000	102.67
8/1/1968	97.74	99.67	95.79	98.86	11,231,100	98.86
7/1/1968	99.58	103.67	96.84	97.74	14,864,700	97.74
6/3/1968	98.72	102.84	98.72	99.58	15,842,900	99.58
5/1/1968	97.46	100.19	95.8	98.68	13,866,800	98.68
4/1/1968	91.11	98.61	91.11	97.46	15,490,000	97.46
3/1/1968	89.36	91.09	86.99	90.2	9,600,400	90.2
2/1/1968	92.24	93.44	86.73	89.36	9,583,100	89.36
1/2/1968	96.47	97.84	91.27	92.24	12,371,800	92.24
12/1/1967	94	96.9	93.41	96.47	12,220,500	96.47
11/1/1967	93.3	95.51	90.09	94	11,014,500	94
10/2/1967	96.71	98.25	93.29	93.3	10,763,600	93.3
9/1/1967	93.64	98.31	93	96.71	10,733,500	96.71
8/1/1967	94.75	96.67	92.01	93.64	9,419,100	93.64
7/3/1967	90.64	95.51	90.12	94.75	11,353,000	94.75
6/1/1967	89.08	93.28	87.19	90.64	10,020,000	90.64
5/1/1967	94.01	95.25	88.71	89.08	10,331,300	89.08
4/3/1967	90.2	94.77	87.86	94.01	9,942,500	94.01
3/1/1967	86.78	91.72	86.67	90.2	10,580,400	90.2
2/1/1967	86.61	89	85.61	86.78	10,153,600	86.78
1/3/1967	80.33	88.17	79.43	86.61	10,426,100	86.61
12/1/1966	80.45	83.88	79.49	80.33	8,400,000	80.33
11/1/1966	80.2	83.01	78.89	80.45	7,650,500	80.45
10/3/1966	76.56	80.91	72.28	80.2	7,241,400	80.2
9/30/1966	76.31	77.09	75.45	76.56	12,340,000	76.56
9/1/1966	77.1	80.81	75.03	76.56	10,100	76.56
8/1/1966	83.5	84.7	73.91	77.1	7,440,000	77.1
7/1/1966	84.74	88.19	83.05	83.6	6,248,000	83.6
6/1/1966	86.13	87.74	83.75	84.74	6,713,600	84.74
5/2/1966	91.06	91.75	83.18	86.13	8,431,400	86.13
4/1/1966	89.23	93.02	88.96	91.06	9,669,000	91.06
3/1/1966	91.22	91.65	86.69	89.23	8,610,800	89.23
2/1/1966	92.88	94.72	90.43	91.22	9,247,300	91.22
1/3/1966	92.43	94.64	91.63	92.88	9,081,400	92.88
12/1/1965	91.61	93.07	89.2	92.43	9,013,100	92.43
11/1/1965	92.42	93.3	90.81	91.61	7,805,000	91.61
10/1/1965	89.96	93.19	89.3	92.42	8,158,500	92.42
9/1/1965	87.17	91.13	86.69	89.96	7,802,300	89.96
8/2/1965	85.25	87.79	84.8	87.17	5,192,700	87.17
7/1/1965	84.12	86.47	83.3	85.25	4,302,300	85.25
6/1/1965	88.42	88.8	80.73	84.12	6,140,400	84.12
5/3/1965	89.11	90.68	87.24	88.42	5,723,000	88.42
4/1/1965	86.16	89.64	85.87	89.11	5,919,500	89.11
3/1/1965	87.43	87.93	85.65	86.16	5,621,700	86.16
2/1/1965	87.56	88.06	85.25	87.43	6,214,700	87.43
1/4/1965	84.75	88.19	83.77	87.56	5,803,500	87.56
12/1/1964	84.42	85.18	82.65	84.75	5,021,800	84.75
11/2/1964	84.86	86.8	84.1	84.42	5,185,700	84.42
10/1/1964	84.18	85.7	83.65	84.86	5,030,400	84.86
9/1/1964	81.83	84.8	81.57	84.18	5,451,900	84.18
8/3/1964	83.18	83.49	80.8	81.83	4,077,100	81.83
7/1/1964	81.69	84.33	81.46	83.18	4,855,000	83.18
6/1/1964	80.37	82.1	78.15	81.69	4,568,600	81.69
5/1/1964	79.46	81.81	79.46	80.37	5,185,500	80.37
4/1/1964	78.98	81.2	78.67	79.46	5,871,800	79.46
3/2/1964	77.8	79.89	77.5	78.98	5,668,000	78.98
2/3/1964	77.04	78.31	76.36	77.8	4,899,400	77.8
1/2/1964	75.02	77.78	74.82	77.04	5,482,700	77.04
12/2/1963	73.23	75.36	73.02	75.02	5,018,500	75.02
11/1/1963	74.01	74.44	69.48	73.23	5,488,800	73.23
10/1/1963	71.7	75.18	71.57	74.01	5,538,600	74.01
9/3/1963	72.5	73.87	71.28	71.7	5,517,500	71.7
8/1/1963	69.13	72.71	68.64	72.5	4,373,100	72.5
7/1/1963	69.37	70.48	67.54	69.13	3,648,600	69.13
6/3/1963	70.8	71.24	68.78	69.37	4,680,000	69.37
5/1/1963	69.8	71.14	69.03	70.8	4,988,600	70.8
4/1/1963	66.57	70.18	66.23	69.8	5,284,200	69.8
3/1/1963	64.29	67.01	63.8	66.57	3,721,400	66.57
2/1/1963	66.31	66.96	64.08	64.29	4,379,400	64.29
1/2/1963	63.1	66.59	62.32	66.2	4,829,000	66.2
12/3/1962	62.26	63.5	61.28	63.1	4,314,500	63.1
11/1/1962	56.52	62.78	55.9	62.26	5,029,500	62.26
10/1/1962	56.27	57.83	52.55	56.52	3,555,600	56.52
9/4/1962	59.12	59.54	55.53	56.27	3,460,000	56.27
8/1/1962	58.23	60.33	56.76	59.12	3,618,600	59.12
7/2/1962	54.75	58.67	54.47	58.23	3,730,900	58.23
6/1/1962	59.63	59.96	51.35	54.75	4,994,200	54.75
5/1/1962	65.24	66.93	53.13	59.63	5,533,600	59.63
4/2/1962	69.55	69.82	64.95	65.24	3,469,500	65.24
3/1/1962	69.96	71.44	69.16	69.55	3,245,000	69.55
2/1/1962	68.84	71.13	68.56	69.96	3,640,000	69.96
1/2/1962	71.55	71.96	67.55	68.84	3,846,800	68.84
