To,Direction,Location,I/O Standard,Reserved
clk50,Input,PIN_AD15,,
reset_n,Input,PIN_T29,,
sdram0_addr[12],Output,PIN_AF4,,
sdram0_addr[11],Output,PIN_AE4,,
sdram0_addr[10],Output,PIN_Y8,,
sdram0_addr[9],Output,PIN_AC7,,
sdram0_addr[8],Output,PIN_AD4,,
sdram0_addr[7],Output,PIN_AC6,,
sdram0_addr[6],Output,PIN_AC5,,
sdram0_addr[5],Output,PIN_AC4,,
sdram0_addr[4],Output,PIN_AB7,,
sdram0_addr[3],Output,PIN_AB5,,
sdram0_addr[2],Output,PIN_AA6,,
sdram0_addr[1],Output,PIN_AA5,,
sdram0_addr[0],Output,PIN_AA4,,
sdram0_ba[1],Output,PIN_AA10,,
sdram0_ba[0],Output,PIN_AA9,,
sdram0_cas_n,Output,PIN_W10,,
sdram0_cke,Output,PIN_AA8,,
sdram0_clk,Output,PIN_AD6,,
sdram0_cs_n,Output,PIN_Y10,,
sdram0_dq[15],Bidir,PIN_AH2,,
sdram0_dq[14],Bidir,PIN_AH1,,
sdram0_dq[13],Bidir,PIN_AG3,,
sdram0_dq[12],Bidir,PIN_AG2,,
sdram0_dq[11],Bidir,PIN_AF3,,
sdram0_dq[10],Bidir,PIN_AF2,,
sdram0_dq[9],Bidir,PIN_AF1,,
sdram0_dq[8],Bidir,PIN_AE3,,
sdram0_dq[7],Bidir,PIN_AE2,,
sdram0_dq[6],Bidir,PIN_AE1,,
sdram0_dq[5],Bidir,PIN_AD3,,
sdram0_dq[4],Bidir,PIN_AD2,,
sdram0_dq[3],Bidir,PIN_AD1,,
sdram0_dq[2],Bidir,PIN_AC3,,
sdram0_dq[1],Bidir,PIN_AC2,,
sdram0_dq[0],Bidir,PIN_AC1,,
sdram0_ldqm0,Output,PIN_V9,,
sdram0_ras_n,Output,PIN_Y9,,
sdram0_udqm1,Output,PIN_AB6,,
sdram0_we_n,Output,PIN_W9,,
sseg0[6],Output,PIN_AE8,,
sseg0[5],Output,PIN_AF9,,
sseg0[4],Output,PIN_AH9,,
sseg0[3],Output,PIN_AD10,,
sseg0[2],Output,PIN_AF10,,
sseg0[1],Output,PIN_AD11,,
sseg0[0],Output,PIN_AD12,,
sseg1[6],Output,PIN_AG13,,
sseg1[5],Output,PIN_AE16,,
sseg1[4],Output,PIN_AF16,,
sseg1[3],Output,PIN_AG16,,
sseg1[2],Output,PIN_AE17,,
sseg1[1],Output,PIN_AF17,,
sseg1[0],Output,PIN_AD17,,
sseg2[6],Output,PIN_AE7,,
sseg2[5],Output,PIN_AF7,,
sseg2[4],Output,PIN_AH5,,
sseg2[3],Output,PIN_AG4,,
sseg2[2],Output,PIN_AB18,,
sseg2[1],Output,PIN_AB19,,
sseg2[0],Output,PIN_AE19,,
sseg3[6],Output,PIN_P6,,
sseg3[5],Output,PIN_P4,,
sseg3[4],Output,PIN_N10,,
sseg3[3],Output,PIN_N7,,
sseg3[2],Output,PIN_M8,,
sseg3[1],Output,PIN_M7,,
sseg3[0],Output,PIN_M6,,
sseg4[6],Output,PIN_P1,,
sseg4[5],Output,PIN_P2,,
sseg4[4],Output,PIN_P3,,
sseg4[3],Output,PIN_N2,,
sseg4[2],Output,PIN_N3,,
sseg4[1],Output,PIN_M1,,
sseg4[0],Output,PIN_M2,,
sseg5[6],Output,PIN_M3,,
sseg5[5],Output,PIN_L1,,
sseg5[4],Output,PIN_L2,,
sseg5[3],Output,PIN_L3,,
sseg5[2],Output,PIN_K1,,
sseg5[1],Output,PIN_K4,,
sseg5[0],Output,PIN_K5,,
sseg6[6],Output,PIN_H6,,
sseg6[5],Output,PIN_H4,,
sseg6[4],Output,PIN_H7,,
sseg6[3],Output,PIN_H8,,
sseg6[2],Output,PIN_G4,,
sseg6[1],Output,PIN_F4,,
sseg6[0],Output,PIN_E4,,
sseg7[6],Output,PIN_K3,,
sseg7[5],Output,PIN_J1,,
sseg7[4],Output,PIN_J2,,
sseg7[3],Output,PIN_H1,,
sseg7[2],Output,PIN_H2,,
sseg7[1],Output,PIN_H3,,
sseg7[0],Output,PIN_G1,,
switches[17],Input,PIN_L8,,
switches[16],Input,PIN_L7,,
switches[15],Input,PIN_L4,,
switches[14],Input,PIN_L5,,
switches[13],Input,PIN_T9,,
switches[12],Input,PIN_U9,,
switches[11],Input,PIN_V10,,
switches[10],Input,PIN_W5,,
switches[9],Input,PIN_AE27,,
switches[8],Input,PIN_AD24,,
switches[7],Input,PIN_AD25,,
switches[6],Input,PIN_AC23,,
switches[5],Input,PIN_AC24,,
switches[4],Input,PIN_AC26,,
switches[3],Input,PIN_AC27,,
switches[2],Input,PIN_AB25,,
switches[1],Input,PIN_AB26,,
switches[0],Input,PIN_AA23,,
