To,Direction,Location,I/O Standard,Reserved
clk50,Input,PIN_AD15,,
clk50_2,Input,PIN_D16,,
flash_addr[21],Output,PIN_AE20,,
flash_addr[20],Output,PIN_AJ28,,
flash_addr[19],Output,PIN_AK28,,
flash_addr[18],Output,PIN_AD21,,
flash_addr[17],Output,PIN_AF21,,
flash_addr[16],Output,PIN_AG25,,
flash_addr[15],Output,PIN_AH24,,
flash_addr[14],Output,PIN_AK25,,
flash_addr[13],Output,PIN_AJ25,,
flash_addr[12],Output,PIN_AK26,,
flash_addr[11],Output,PIN_AJ26,,
flash_addr[10],Output,PIN_AH26,,
flash_addr[9],Output,PIN_AJ27,,
flash_addr[8],Output,PIN_AH27,,
flash_addr[7],Output,PIN_AF22,,
flash_addr[6],Output,PIN_AH22,,
flash_addr[5],Output,PIN_AG22,,
flash_addr[4],Output,PIN_AF23,,
flash_addr[3],Output,PIN_AG23,,
flash_addr[2],Output,PIN_AE23,,
flash_addr[1],Output,PIN_AG24,,
flash_addr[0],Output,PIN_AF24,,
flash_byte_n,Output,PIN_Y29,,
flash_ce_n,Output,PIN_AG28,,
flash_data[15],Bidir,PIN_AE24,,
flash_data[14],Bidir,PIN_AA30,,
flash_data[13],Bidir,PIN_AB30,,
flash_data[12],Bidir,PIN_AC30,,
flash_data[11],Bidir,PIN_AC28,,
flash_data[10],Bidir,PIN_AD29,,
flash_data[9],Bidir,PIN_AE29,,
flash_data[8],Bidir,PIN_AF30,,
flash_data[7],Bidir,PIN_Y28,,
flash_data[6],Bidir,PIN_AA29,,
flash_data[5],Bidir,PIN_AB29,,
flash_data[4],Bidir,PIN_AC29,,
flash_data[3],Bidir,PIN_AD30,,
flash_data[2],Bidir,PIN_AE30,,
flash_data[1],Bidir,PIN_AE28,,
flash_data[0],Bidir,PIN_AF29,,
flash_oe_n,Output,PIN_AG29,,
flash_rd,Input,PIN_AH30,,
flash_reset_n,Output,PIN_AH28,,
flash_we_n,Output,PIN_AJ29,,
flash_wp_n,Output,PIN_AH29,,
reset_n,Input,PIN_T29,,
rs232_rx,Input,PIN_D21,,
rs232_tx,Output,PIN_E21,,
sdram0_addr[12],Output,PIN_AF4,,
sdram0_addr[11],Output,PIN_AE4,,
sdram0_addr[10],Output,PIN_Y8,,
sdram0_addr[9],Output,PIN_AC7,,
sdram0_addr[8],Output,PIN_AD4,,
sdram0_addr[7],Output,PIN_AC6,,
sdram0_addr[6],Output,PIN_AC5,,
sdram0_addr[5],Output,PIN_AC4,,
sdram0_addr[4],Output,PIN_AB7,,
sdram0_addr[3],Output,PIN_AB5,,
sdram0_addr[2],Output,PIN_AA6,,
sdram0_addr[1],Output,PIN_AA5,,
sdram0_addr[0],Output,PIN_AA4,,
sdram0_ba[1],Output,PIN_AA10,,
sdram0_ba[0],Output,PIN_AA9,,
sdram0_cas_n,Output,PIN_W10,,
sdram0_cke,Output,PIN_AA8,,
sdram0_clk,Output,PIN_AD6,,
sdram0_cs_n,Output,PIN_Y10,,
sdram0_dq[15],Bidir,PIN_AH2,,
sdram0_dq[14],Bidir,PIN_AH1,,
sdram0_dq[13],Bidir,PIN_AG3,,
sdram0_dq[12],Bidir,PIN_AG2,,
sdram0_dq[11],Bidir,PIN_AF3,,
sdram0_dq[10],Bidir,PIN_AF2,,
sdram0_dq[9],Bidir,PIN_AF1,,
sdram0_dq[8],Bidir,PIN_AE3,,
sdram0_dq[7],Bidir,PIN_AE2,,
sdram0_dq[6],Bidir,PIN_AE1,,
sdram0_dq[5],Bidir,PIN_AD3,,
sdram0_dq[4],Bidir,PIN_AD2,,
sdram0_dq[3],Bidir,PIN_AD1,,
sdram0_dq[2],Bidir,PIN_AC3,,
sdram0_dq[1],Bidir,PIN_AC2,,
sdram0_dq[0],Bidir,PIN_AC1,,
sdram0_ldqm0,Output,PIN_V9,,
sdram0_ras_n,Output,PIN_Y9,,
sdram0_udqm1,Output,PIN_AB6,,
sdram0_we_n,Output,PIN_W9,,
ssram_addr[18],Output,PIN_AF11,,
ssram_addr[17],Output,PIN_AE11,,
ssram_addr[16],Output,PIN_AG20,,
ssram_addr[15],Output,PIN_AF20,,
ssram_addr[14],Output,PIN_AC16,,
ssram_addr[13],Output,PIN_AF15,,
ssram_addr[12],Output,PIN_AE15,,
ssram_addr[11],Output,PIN_AG14,,
ssram_addr[10],Output,PIN_AF14,,
ssram_addr[9],Output,PIN_AE13,,
ssram_addr[8],Output,PIN_AD13,,
ssram_addr[7],Output,PIN_AG12,,
ssram_addr[6],Output,PIN_AE12,,
ssram_addr[5],Output,PIN_AG5,,
ssram_addr[4],Output,PIN_AG6,,
ssram_addr[3],Output,PIN_AG7,,
ssram_addr[2],Output,PIN_AH7,,
ssram_addr[1],Output,PIN_AF8,,
ssram_addr[0],Output,PIN_AG8,,
ssram_adscn,Output,PIN_AG17,,
ssram_adspn,Output,PIN_AC18,,
ssram_advn,Output,PIN_AD16,,
ssram_bwan,Output,PIN_AC21,,
ssram_bwbn,Output,PIN_AC20,,
ssram_bwcn,Output,PIN_AD20,,
ssram_bwdn,Output,PIN_AH20,,
ssram_bwen,Output,PIN_AF18,,
ssram_ce2,Output,PIN_AG19,,
ssram_ce3n,Output,PIN_AD22,,
ssram_cen,Output,PIN_AH19,,
ssram_clk,Output,PIN_AD7,,
ssram_data[31],Bidir,PIN_AK8,,
ssram_data[30],Bidir,PIN_AJ8,,
ssram_data[29],Bidir,PIN_AK7,,
ssram_data[28],Bidir,PIN_AK12,,
ssram_data[27],Bidir,PIN_AH13,,
ssram_data[26],Bidir,PIN_AJ13,,
ssram_data[25],Bidir,PIN_AJ14,,
ssram_data[24],Bidir,PIN_AK14,,
ssram_data[23],Bidir,PIN_AJ16,,
ssram_data[22],Bidir,PIN_AJ15,,
ssram_data[21],Bidir,PIN_AH15,,
ssram_data[20],Bidir,PIN_AJ22,,
ssram_data[19],Bidir,PIN_AK22,,
ssram_data[18],Bidir,PIN_AJ21,,
ssram_data[17],Bidir,PIN_AK21,,
ssram_data[16],Bidir,PIN_AJ20,,
ssram_data[15],Bidir,PIN_AK23,,
ssram_data[14],Bidir,PIN_AJ19,,
ssram_data[13],Bidir,PIN_AK19,,
ssram_data[12],Bidir,PIN_AH18,,
ssram_data[11],Bidir,PIN_AJ18,,
ssram_data[10],Bidir,PIN_AH17,,
ssram_data[9],Bidir,PIN_AJ17,,
ssram_data[8],Bidir,PIN_AK17,,
ssram_data[7],Bidir,PIN_AH16,,
ssram_data[6],Bidir,PIN_AJ12,,
ssram_data[5],Bidir,PIN_AH12,,
ssram_data[4],Bidir,PIN_AK11,,
ssram_data[3],Bidir,PIN_AJ11,,
ssram_data[2],Bidir,PIN_AK10,,
ssram_data[1],Bidir,PIN_AJ10,,
ssram_data[0],Bidir,PIN_AH10,,
ssram_datapar[3],Bidir,PIN_AJ9,,
ssram_datapar[2],Bidir,PIN_AK20,,
ssram_datapar[1],Bidir,PIN_AJ23,,
ssram_datapar[0],Bidir,PIN_AK9,,
ssram_gwn,Output,PIN_AG18,,
ssram_oen,Output,PIN_AD18,,
