<?xml version="1.0" encoding="UTF-8"?>
<preferences>
 <debug showDebugMenu="0" />
 <systemtable filter="Default">
  <columns>
   <opcodeName visible="0" />
   <connections preferredWidth="47" />
   <irq preferredWidth="34" />
   <export visible="0" />
  </columns>
 </systemtable>
 <clocktable>
  <columns>
   <clockname preferredWidth="407" />
   <clocksource preferredWidth="404" />
   <frequency preferredWidth="392" />
  </columns>
 </clocktable>
 <window width="1702" height="1032" x="-11" y="-11" />
 <library
   expandedCategories="Library/SLS/Communication,Library,Library/SLS,Project,Library/SLS/Communication/USB,Library/my_ip" />
</preferences>
