<?xml version="1.0" encoding="UTF-8"?>
<preferences>
 <debug showDebugMenu="0" />
 <systemtable filter="cpu_0">
  <columns>
   <opcodeName visible="0" />
   <connections preferredWidth="47" visible="1" />
   <irq preferredWidth="34" />
   <export visible="0" />
   <name preferredWidth="358" />
  </columns>
 </systemtable>
 <clocktable>
  <columns>
   <clockname preferredWidth="358" />
   <clocksource preferredWidth="358" />
   <frequency preferredWidth="340" />
  </columns>
 </clocktable>
 <window width="1702" height="1032" x="-11" y="-11" />
 <library
   expandedCategories="Library/Peripherals,Library/my_ip,Library/Processor Additions,Library,Library/Processors,Library/Peripherals/Debug and Performance,Project,Library/Memories and Memory Controllers" />
</preferences>
