<?xml version="1.0" ?>
<LOG_ROOT>
	<PROJECT NAME="APU_DE2-70">
		<CBX_INST_ENTRY INSTANCE_NAME="|APU_DE2_70|NIOS2_APU:nios2_apu0|APU:apu0|Datapath:datapath0|APU_ALU:alu_0|Mem512x8:C0|altsyncram:altsyncram_component" CBX_FILE_NAME="altsyncram_96o1.tdf"/>
		<CBX_INST_ENTRY INSTANCE_NAME="|APU_DE2_70|nios2_sys:nios2_sys0|cpu_0_altera_nios_custom_instr_floating_point_inst:the_cpu_0_altera_nios_custom_instr_floating_point_inst|fpoint_wrapper:cpu_0_altera_nios_custom_instr_floating_point_inst|fpoint_qsys:fpoint_instance|fpoint_qsys_addsub_single:the_fp_addsub|lpm_add_sub:add_sub4" CBX_FILE_NAME="add_sub_nqe.tdf"/>
		<CBX_INST_ENTRY INSTANCE_NAME="|APU_DE2_70|nios2_sys:nios2_sys0|cpu_0_altera_nios_custom_instr_floating_point_inst:the_cpu_0_altera_nios_custom_instr_floating_point_inst|fpoint_wrapper:cpu_0_altera_nios_custom_instr_floating_point_inst|fpoint_qsys:fpoint_instance|fpoint_qsys_addsub_single:the_fp_addsub|lpm_compare:trailing_zeros_limit_comparator" CBX_FILE_NAME="cmpr_aag.tdf"/>
		<CBX_INST_ENTRY INSTANCE_NAME="|APU_DE2_70|NIOS2_APU:nios2_apu0|APU:apu0|Datapath:datapath0|APU_ALU:alu_0|MyMult48Ps:mult01|Mult18:mult0|lpm_mult:Mult0" CBX_FILE_NAME="mult_n1t.tdf"/>
		<CBX_INST_ENTRY INSTANCE_NAME="|APU_DE2_70|NIOS2_APU:nios2_apu0|APU:apu0|Datapath:datapath0|Mem512x48:B0r|Mem512x32:mem1|altsyncram:altsyncram_component" CBX_FILE_NAME="altsyncram_39o1.tdf"/>
		<CBX_INST_ENTRY INSTANCE_NAME="|APU_DE2_70|nios2_sys:nios2_sys0|cpu_0_altera_nios_custom_instr_floating_point_inst:the_cpu_0_altera_nios_custom_instr_floating_point_inst|fpoint_wrapper:cpu_0_altera_nios_custom_instr_floating_point_inst|fpoint_qsys:fpoint_instance|fpoint_qsys_addsub_single:the_fp_addsub|lpm_add_sub:add_sub5" CBX_FILE_NAME="add_sub_unh.tdf"/>
		<CBX_INST_ENTRY INSTANCE_NAME="|APU_DE2_70|NIOS2_APU:nios2_apu0|APU:apu0|Datapath:datapath0|APU_ALU:alu_0|MyMult48Ps:mult02|Mult18:mult0|lpm_mult:Mult0" CBX_FILE_NAME="mult_n1t.tdf"/>
		<CBX_INST_ENTRY INSTANCE_NAME="|APU_DE2_70|NIOS2_APU:nios2_apu0|APU:apu0|Datapath:datapath0|Mem512x48:B0r|Mem512x16:mem0|altsyncram:altsyncram_component" CBX_FILE_NAME="altsyncram_79o1.tdf"/>
		<CBX_INST_ENTRY INSTANCE_NAME="|APU_DE2_70|NIOS2_APU:nios2_apu0|APU:apu0|Datapath:datapath0|Mem512x48:B1r|Mem512x32:mem1|altsyncram:altsyncram_component" CBX_FILE_NAME="altsyncram_39o1.tdf"/>
		<CBX_INST_ENTRY INSTANCE_NAME="|APU_DE2_70|nios2_sys:nios2_sys0|cpu_0_altera_nios_custom_instr_floating_point_inst:the_cpu_0_altera_nios_custom_instr_floating_point_inst|fpoint_wrapper:cpu_0_altera_nios_custom_instr_floating_point_inst|fpoint_qsys:fpoint_instance|fpoint_qsys_addsub_single:the_fp_addsub|lpm_add_sub:add_sub6" CBX_FILE_NAME="add_sub_nqe.tdf"/>
		<CBX_INST_ENTRY INSTANCE_NAME="|APU_DE2_70|nios2_sys:nios2_sys0|cpu_0_altera_nios_custom_instr_floating_point_inst:the_cpu_0_altera_nios_custom_instr_floating_point_inst|fpoint_wrapper:cpu_0_altera_nios_custom_instr_floating_point_inst|fpoint_qsys:fpoint_instance|fpoint_qsys_addsub_single:the_fp_addsub|lpm_add_sub:man_add_sub_upper0" CBX_FILE_NAME="add_sub_32h.tdf"/>
		<CBX_INST_ENTRY INSTANCE_NAME="|APU_DE2_70|nios2_sys:nios2_sys0|cpu_0_altera_nios_custom_instr_floating_point_inst:the_cpu_0_altera_nios_custom_instr_floating_point_inst|fpoint_wrapper:cpu_0_altera_nios_custom_instr_floating_point_inst|fpoint_qsys:fpoint_instance|fpoint_qsys_mult_single:the_fp_mult|lpm_add_sub:exp_bias_subtr" CBX_FILE_NAME="add_sub_egg.tdf"/>
		<CBX_INST_ENTRY INSTANCE_NAME="|APU_DE2_70|NIOS2_APU:nios2_apu0|APU:apu0|Datapath:datapath0|APU_ALU:alu_0|MyMult48Ps:mult01|Mult18:mult2|lpm_mult:Mult0" CBX_FILE_NAME="mult_n1t.tdf"/>
		<CBX_INST_ENTRY INSTANCE_NAME="|APU_DE2_70|NIOS2_APU:nios2_apu0|APU:apu0|Datapath:datapath0|APU_ALU:alu_0|MyMult48Ps:mult03|Mult18:mult0|lpm_mult:Mult0" CBX_FILE_NAME="mult_n1t.tdf"/>
		<CBX_INST_ENTRY INSTANCE_NAME="|APU_DE2_70|NIOS2_APU:nios2_apu0|APU:apu0|Datapath:datapath0|Mem512x48:B1r|Mem512x16:mem0|altsyncram:altsyncram_component" CBX_FILE_NAME="altsyncram_79o1.tdf"/>
		<CBX_INST_ENTRY INSTANCE_NAME="|APU_DE2_70|nios2_sys:nios2_sys0|cpu_0_altera_nios_custom_instr_floating_point_inst:the_cpu_0_altera_nios_custom_instr_floating_point_inst|fpoint_wrapper:cpu_0_altera_nios_custom_instr_floating_point_inst|fpoint_qsys:fpoint_instance|fpoint_qsys_addsub_single:the_fp_addsub|lpm_add_sub:man_add_sub_upper1" CBX_FILE_NAME="add_sub_32h.tdf"/>
		<CBX_INST_ENTRY INSTANCE_NAME="|APU_DE2_70|NIOS2_APU:nios2_apu0|APU:apu0|Datapath:datapath0|APU_ALU:alu_0|MyMult48Ps:mult02|Mult18:mult2|lpm_mult:Mult0" CBX_FILE_NAME="mult_n1t.tdf"/>
		<CBX_INST_ENTRY INSTANCE_NAME="|APU_DE2_70|NIOS2_APU:nios2_apu0|APU:apu0|Datapath:datapath0|APU_ALU:alu_0|MyMult48Ps:mult04|Mult18:mult0|lpm_mult:Mult0" CBX_FILE_NAME="mult_n1t.tdf"/>
		<CBX_INST_ENTRY INSTANCE_NAME="|APU_DE2_70|nios2_sys:nios2_sys0|cpu_0:the_cpu_0|cpu_0_mult_cell:the_cpu_0_mult_cell|altmult_add:the_altmult_add_part_1" CBX_FILE_NAME="mult_add_4cr2.tdf"/>
		<CBX_INST_ENTRY INSTANCE_NAME="|APU_DE2_70|NIOS2_APU:nios2_apu0|APU:apu0|Datapath:datapath0|APU_ALU:alu_0|MyMult48Ps:mult01|Mult18:mult4|lpm_mult:Mult0" CBX_FILE_NAME="mult_m1t.tdf"/>
		<CBX_INST_ENTRY INSTANCE_NAME="|APU_DE2_70|NIOS2_APU:nios2_apu0|APU:apu0|Datapath:datapath0|APU_ALU:alu_0|MyMult48Ps:mult03|Mult18:mult2|lpm_mult:Mult0" CBX_FILE_NAME="mult_n1t.tdf"/>
		<CBX_INST_ENTRY INSTANCE_NAME="|APU_DE2_70|nios2_sys:nios2_sys0|RS232_0:the_RS232_0|uart_avalon:rs232_0|uart_fifo08:fifo08_inst|scfifo:scfifo_component" CBX_FILE_NAME="scfifo_5d31.tdf"/>
		<CBX_INST_ENTRY INSTANCE_NAME="|APU_DE2_70|nios2_sys:nios2_sys0|cpu_0:the_cpu_0|cpu_0_mult_cell:the_cpu_0_mult_cell|altmult_add:the_altmult_add_part_2" CBX_FILE_NAME="mult_add_6cr2.tdf"/>
		<CBX_INST_ENTRY INSTANCE_NAME="|APU_DE2_70|NIOS2_APU:nios2_apu0|APU:apu0|Datapath:datapath0|APU_ALU:alu_0|MyMult48Ps:mult02|Mult18:mult4|lpm_mult:Mult0" CBX_FILE_NAME="mult_m1t.tdf"/>
		<CBX_INST_ENTRY INSTANCE_NAME="|APU_DE2_70|NIOS2_APU:nios2_apu0|APU:apu0|Datapath:datapath0|APU_ALU:alu_0|MyMult48Ps:mult04|Mult18:mult2|lpm_mult:Mult0" CBX_FILE_NAME="mult_n1t.tdf"/>
		<CBX_INST_ENTRY INSTANCE_NAME="|APU_DE2_70|NIOS2_APU:nios2_apu0|APU:apu0|Datapath:datapath0|Rom512x48i:Ti_mem|altsyncram:altsyncram_component" CBX_FILE_NAME="altsyncram_4f71.tdf"/>
		<CBX_INST_ENTRY INSTANCE_NAME="|APU_DE2_70|NIOS2_APU:nios2_apu0|APU:apu0|Datapath:datapath0|APU_ALU:alu_0|MyMult48Ps:mult01|Mult18:mult6|lpm_mult:Mult0" CBX_FILE_NAME="mult_m1t.tdf"/>
		<CBX_INST_ENTRY INSTANCE_NAME="|APU_DE2_70|NIOS2_APU:nios2_apu0|APU:apu0|Datapath:datapath0|APU_ALU:alu_0|MyMult48Ps:mult03|Mult18:mult4|lpm_mult:Mult0" CBX_FILE_NAME="mult_m1t.tdf"/>
		<CBX_INST_ENTRY INSTANCE_NAME="|APU_DE2_70|NIOS2_APU:nios2_apu0|APU:apu0|Datapath:datapath0|APU_ALU:alu_0|MyMult48Ps:mult02|Mult18:mult6|lpm_mult:Mult0" CBX_FILE_NAME="mult_m1t.tdf"/>
		<CBX_INST_ENTRY INSTANCE_NAME="|APU_DE2_70|NIOS2_APU:nios2_apu0|APU:apu0|Datapath:datapath0|APU_ALU:alu_0|MyMult48Ps:mult04|Mult18:mult4|lpm_mult:Mult0" CBX_FILE_NAME="mult_m1t.tdf"/>
		<CBX_INST_ENTRY INSTANCE_NAME="|APU_DE2_70|NIOS2_APU:nios2_apu0|APU:apu0|Datapath:datapath0|Mem512x48:B0i|Mem512x32:mem1|altsyncram:altsyncram_component" CBX_FILE_NAME="altsyncram_39o1.tdf"/>
		<CBX_INST_ENTRY INSTANCE_NAME="|APU_DE2_70|NIOS2_APU:nios2_apu0|APU:apu0|Datapath:datapath0|Rom512x48r:Tr_mem|altsyncram:altsyncram_component" CBX_FILE_NAME="altsyncram_df71.tdf"/>
		<CBX_INST_ENTRY INSTANCE_NAME="|APU_DE2_70|NIOS2_APU:nios2_apu0|APU:apu0|Datapath:datapath0|APU_ALU:alu_0|MyMult40P:mult12|Mult18:mult1|lpm_mult:Mult0" CBX_FILE_NAME="mult_n1t.tdf"/>
		<CBX_INST_ENTRY INSTANCE_NAME="|APU_DE2_70|NIOS2_APU:nios2_apu0|APU:apu0|Datapath:datapath0|APU_ALU:alu_0|MyMult48Ps:mult01|Mult18:mult8|lpm_mult:Mult0" CBX_FILE_NAME="mult_h1t.tdf"/>
		<CBX_INST_ENTRY INSTANCE_NAME="|APU_DE2_70|NIOS2_APU:nios2_apu0|APU:apu0|Datapath:datapath0|APU_ALU:alu_0|MyMult48Ps:mult02|Mult18:mult7|lpm_mult:Mult0" CBX_FILE_NAME="mult_m1t.tdf"/>
		<CBX_INST_ENTRY INSTANCE_NAME="|APU_DE2_70|NIOS2_APU:nios2_apu0|APU:apu0|Datapath:datapath0|APU_ALU:alu_0|MyMult48Ps:mult03|Mult18:mult6|lpm_mult:Mult0" CBX_FILE_NAME="mult_m1t.tdf"/>
		<CBX_INST_ENTRY INSTANCE_NAME="|APU_DE2_70|NIOS2_APU:nios2_apu0|APU:apu0|Datapath:datapath0|APU_ALU:alu_0|MyMult48Ps:mult04|Mult18:mult5|lpm_mult:Mult0" CBX_FILE_NAME="mult_m1t.tdf"/>
		<CBX_INST_ENTRY INSTANCE_NAME="|APU_DE2_70|NIOS2_APU:nios2_apu0|APU:apu0|Datapath:datapath0|Mem512x48:A1i|Mem512x16:mem0|altsyncram:altsyncram_component" CBX_FILE_NAME="altsyncram_79o1.tdf"/>
		<CBX_INST_ENTRY INSTANCE_NAME="|APU_DE2_70|NIOS2_APU:nios2_apu0|APU:apu0|Datapath:datapath0|Mem512x48:B0i|Mem512x16:mem0|altsyncram:altsyncram_component" CBX_FILE_NAME="altsyncram_79o1.tdf"/>
		<CBX_INST_ENTRY INSTANCE_NAME="|APU_DE2_70|NIOS2_APU:nios2_apu0|APU:apu0|Datapath:datapath0|Mem512x48:B1i|Mem512x32:mem1|altsyncram:altsyncram_component" CBX_FILE_NAME="altsyncram_39o1.tdf"/>
		<CBX_INST_ENTRY INSTANCE_NAME="|APU_DE2_70|nios2_sys:nios2_sys0|cpu_0:the_cpu_0|cpu_0_register_bank_b_module:cpu_0_register_bank_b|altsyncram:the_altsyncram" CBX_FILE_NAME="altsyncram_97f1.tdf"/>
		<CBX_INST_ENTRY INSTANCE_NAME="|APU_DE2_70|NIOS2_APU:nios2_apu0|APU:apu0|Datapath:datapath0|APU_ALU:alu_0|MyMult40P:mult11|Mult18:mult3|lpm_mult:Mult0" CBX_FILE_NAME="mult_n1t.tdf"/>
		<CBX_INST_ENTRY INSTANCE_NAME="|APU_DE2_70|NIOS2_APU:nios2_apu0|APU:apu0|Datapath:datapath0|APU_ALU:alu_0|MyMult48Ps:mult02|Mult18:mult8|lpm_mult:Mult0" CBX_FILE_NAME="mult_h1t.tdf"/>
		<CBX_INST_ENTRY INSTANCE_NAME="|APU_DE2_70|NIOS2_APU:nios2_apu0|APU:apu0|Datapath:datapath0|APU_ALU:alu_0|MyMult48Ps:mult03|Mult18:mult7|lpm_mult:Mult0" CBX_FILE_NAME="mult_m1t.tdf"/>
		<CBX_INST_ENTRY INSTANCE_NAME="|APU_DE2_70|NIOS2_APU:nios2_apu0|APU:apu0|Datapath:datapath0|APU_ALU:alu_0|MyMult48Ps:mult04|Mult18:mult6|lpm_mult:Mult0" CBX_FILE_NAME="mult_m1t.tdf"/>
		<CBX_INST_ENTRY INSTANCE_NAME="|APU_DE2_70|NIOS2_APU:nios2_apu0|APU:apu0|Datapath:datapath0|Mem512x48:B1i|Mem512x16:mem0|altsyncram:altsyncram_component" CBX_FILE_NAME="altsyncram_79o1.tdf"/>
		<CBX_INST_ENTRY INSTANCE_NAME="|APU_DE2_70|nios2_sys:nios2_sys0|cpu_0_altera_nios_custom_instr_floating_point_inst:the_cpu_0_altera_nios_custom_instr_floating_point_inst|fpoint_wrapper:cpu_0_altera_nios_custom_instr_floating_point_inst|fpoint_qsys:fpoint_instance|fpoint_qsys_addsub_single:the_fp_addsub|lpm_add_sub:man_2comp_res_upper0" CBX_FILE_NAME="add_sub_32h.tdf"/>
		<CBX_INST_ENTRY INSTANCE_NAME="|APU_DE2_70|nios2_sys:nios2_sys0|cpu_0_altera_nios_custom_instr_floating_point_inst:the_cpu_0_altera_nios_custom_instr_floating_point_inst|fpoint_wrapper:cpu_0_altera_nios_custom_instr_floating_point_inst|fpoint_qsys:fpoint_instance|fpoint_qsys_mult_single:the_fp_mult|lpm_add_sub:man_round_adder" CBX_FILE_NAME="add_sub_7pb.tdf"/>
		<CBX_INST_ENTRY INSTANCE_NAME="|APU_DE2_70|NIOS2_APU:nios2_apu0|APU:apu0|Datapath:datapath0|APU_ALU:alu_0|MyMult40P:mult11|Mult18:mult4|lpm_mult:Mult0" CBX_FILE_NAME="mult_m1t.tdf"/>
		<CBX_INST_ENTRY INSTANCE_NAME="|APU_DE2_70|NIOS2_APU:nios2_apu0|APU:apu0|Datapath:datapath0|APU_ALU:alu_0|MyMult40P:mult12|Mult18:mult3|lpm_mult:Mult0" CBX_FILE_NAME="mult_n1t.tdf"/>
		<CBX_INST_ENTRY INSTANCE_NAME="|APU_DE2_70|NIOS2_APU:nios2_apu0|APU:apu0|Datapath:datapath0|APU_ALU:alu_0|MyMult48Ps:mult03|Mult18:mult8|lpm_mult:Mult0" CBX_FILE_NAME="mult_h1t.tdf"/>
		<CBX_INST_ENTRY INSTANCE_NAME="|APU_DE2_70|NIOS2_APU:nios2_apu0|APU:apu0|Datapath:datapath0|APU_ALU:alu_0|MyMult48Ps:mult04|Mult18:mult7|lpm_mult:Mult0" CBX_FILE_NAME="mult_m1t.tdf"/>
		<CBX_INST_ENTRY INSTANCE_NAME="|APU_DE2_70|nios2_sys:nios2_sys0|cpu_0:the_cpu_0|cpu_0_dc_tag_module:cpu_0_dc_tag|altsyncram:the_altsyncram" CBX_FILE_NAME="altsyncram_4ef1.tdf"/>
		<CBX_INST_ENTRY INSTANCE_NAME="|APU_DE2_70|nios2_sys:nios2_sys0|cpu_0:the_cpu_0|cpu_0_dc_victim_module:cpu_0_dc_victim|altsyncram:the_altsyncram" CBX_FILE_NAME="altsyncram_9vc1.tdf"/>
		<CBX_INST_ENTRY INSTANCE_NAME="|APU_DE2_70|nios2_sys:nios2_sys0|cpu_0:the_cpu_0|cpu_0_nios2_oci:the_cpu_0_nios2_oci|cpu_0_nios2_oci_im:the_cpu_0_nios2_oci_im|cpu_0_traceram_lpm_dram_bdp_component_module:cpu_0_traceram_lpm_dram_bdp_component|altsyncram:the_altsyncram" CBX_FILE_NAME="altsyncram_e502.tdf"/>
		<CBX_INST_ENTRY INSTANCE_NAME="|APU_DE2_70|nios2_sys:nios2_sys0|cpu_0_altera_nios_custom_instr_floating_point_inst:the_cpu_0_altera_nios_custom_instr_floating_point_inst|fpoint_wrapper:cpu_0_altera_nios_custom_instr_floating_point_inst|fpoint_qsys:fpoint_instance|fpoint_qsys_addsub_single:the_fp_addsub|lpm_add_sub:man_2comp_res_upper1" CBX_FILE_NAME="add_sub_32h.tdf"/>
		<CBX_INST_ENTRY INSTANCE_NAME="|APU_DE2_70|NIOS2_APU:nios2_apu0|APU:apu0|Datapath:datapath0|APU_ALU:alu_0|MyMult40P:mult11|Mult18:mult5|lpm_mult:Mult0" CBX_FILE_NAME="mult_m1t.tdf"/>
		<CBX_INST_ENTRY INSTANCE_NAME="|APU_DE2_70|NIOS2_APU:nios2_apu0|APU:apu0|Datapath:datapath0|APU_ALU:alu_0|MyMult40P:mult12|Mult18:mult4|lpm_mult:Mult0" CBX_FILE_NAME="mult_m1t.tdf"/>
		<CBX_INST_ENTRY INSTANCE_NAME="|APU_DE2_70|NIOS2_APU:nios2_apu0|APU:apu0|Datapath:datapath0|APU_ALU:alu_0|MyMult48Ps:mult04|Mult18:mult8|lpm_mult:Mult0" CBX_FILE_NAME="mult_h1t.tdf"/>
		<CBX_INST_ENTRY INSTANCE_NAME="|APU_DE2_70|NIOS2_APU:nios2_apu0|Fifo256x32:result_fifo|dcfifo:dcfifo_component" CBX_FILE_NAME="dcfifo_u5n1.tdf"/>
		<CBX_INST_ENTRY INSTANCE_NAME="|APU_DE2_70|nios2_sys:nios2_sys0|cpu_0_altera_nios_custom_instr_floating_point_inst:the_cpu_0_altera_nios_custom_instr_floating_point_inst|fpoint_wrapper:cpu_0_altera_nios_custom_instr_floating_point_inst|fpoint_qsys:fpoint_instance|fpoint_qsys_mult_single:the_fp_mult|lpm_add_sub:exp_add_adder" CBX_FILE_NAME="add_sub_fjd.tdf"/>
		<CBX_INST_ENTRY INSTANCE_NAME="|APU_DE2_70|NIOS2_APU:nios2_apu0|APU:apu0|Datapath:datapath0|APU_ALU:alu_0|MyMult40P:mult12|Mult18:mult5|lpm_mult:Mult0" CBX_FILE_NAME="mult_m1t.tdf"/>
		<CBX_INST_ENTRY INSTANCE_NAME="|APU_DE2_70|NIOS2_APU:nios2_apu0|Fifo256x32:instr_fifo|dcfifo:dcfifo_component" CBX_FILE_NAME="dcfifo_u5n1.tdf"/>
		<CBX_INST_ENTRY INSTANCE_NAME="|APU_DE2_70|nios2_sys:nios2_sys0|cpu_0_altera_nios_custom_instr_floating_point_inst:the_cpu_0_altera_nios_custom_instr_floating_point_inst|fpoint_wrapper:cpu_0_altera_nios_custom_instr_floating_point_inst|fpoint_qsys:fpoint_instance|fpoint_qsys_addsub_single:the_fp_addsub|lpm_add_sub:add_sub1" CBX_FILE_NAME="add_sub_voh.tdf"/>
		<CBX_INST_ENTRY INSTANCE_NAME="|APU_DE2_70|nios2_sys:nios2_sys0|cpu_0_altera_nios_custom_instr_floating_point_inst:the_cpu_0_altera_nios_custom_instr_floating_point_inst|fpoint_wrapper:cpu_0_altera_nios_custom_instr_floating_point_inst|fpoint_qsys:fpoint_instance|fpoint_qsys_addsub_single:the_fp_addsub|lpm_add_sub:man_res_rounding_add_sub_lower" CBX_FILE_NAME="add_sub_taf.tdf"/>
		<CBX_INST_ENTRY INSTANCE_NAME="|APU_DE2_70|NIOS2_APU:nios2_apu0|APU:apu0|Datapath:datapath0|APU_ALU:alu_0|MyMult40P:mult11|Mult18:mult7|lpm_mult:Mult0" CBX_FILE_NAME="mult_m1t.tdf"/>
		<CBX_INST_ENTRY INSTANCE_NAME="|APU_DE2_70|nios2_sys:nios2_sys0|cpu_0_altera_nios_custom_instr_floating_point_inst:the_cpu_0_altera_nios_custom_instr_floating_point_inst|fpoint_wrapper:cpu_0_altera_nios_custom_instr_floating_point_inst|fpoint_qsys:fpoint_instance|fpoint_qsys_addsub_single:the_fp_addsub|lpm_add_sub:add_sub2" CBX_FILE_NAME="add_sub_voh.tdf"/>
		<CBX_INST_ENTRY INSTANCE_NAME="|APU_DE2_70|NIOS2_APU:nios2_apu0|APU:apu0|Datapath:datapath0|APU_ALU:alu_0|MyMult40P:mult11|Mult18:mult8|lpm_mult:Mult0" CBX_FILE_NAME="mult_h1t.tdf"/>
		<CBX_INST_ENTRY INSTANCE_NAME="|APU_DE2_70|NIOS2_APU:nios2_apu0|APU:apu0|Datapath:datapath0|APU_ALU:alu_0|MyMult40P:mult12|Mult18:mult7|lpm_mult:Mult0" CBX_FILE_NAME="mult_m1t.tdf"/>
		<CBX_INST_ENTRY INSTANCE_NAME="|APU_DE2_70|nios2_sys:nios2_sys0|RS232_0:the_RS232_0|uart_avalon:rs232_0|uart_fifo32:fifo32_inst|scfifo:scfifo_component" CBX_FILE_NAME="scfifo_je31.tdf"/>
		<CBX_INST_ENTRY INSTANCE_NAME="|APU_DE2_70|nios2_sys:nios2_sys0|cpu_0_altera_nios_custom_instr_floating_point_inst:the_cpu_0_altera_nios_custom_instr_floating_point_inst|fpoint_wrapper:cpu_0_altera_nios_custom_instr_floating_point_inst|fpoint_qsys:fpoint_instance|fpoint_qsys_addsub_single:the_fp_addsub|lpm_add_sub:add_sub3" CBX_FILE_NAME="add_sub_lre.tdf"/>
		<CBX_INST_ENTRY INSTANCE_NAME="|APU_DE2_70|nios2_sys:nios2_sys0|cpu_0_altera_nios_custom_instr_floating_point_inst:the_cpu_0_altera_nios_custom_instr_floating_point_inst|fpoint_wrapper:cpu_0_altera_nios_custom_instr_floating_point_inst|fpoint_qsys:fpoint_instance|fpoint_qsys_addsub_single:the_fp_addsub|lpm_add_sub:man_add_sub_lower" CBX_FILE_NAME="add_sub_ugh.tdf"/>
		<CBX_INST_ENTRY INSTANCE_NAME="|APU_DE2_70|NIOS2_APU:nios2_apu0|APU:apu0|Datapath:datapath0|APU_ALU:alu_0|MyMult40P:mult12|Mult18:mult8|lpm_mult:Mult0" CBX_FILE_NAME="mult_h1t.tdf"/>
		<CBX_INST_ENTRY INSTANCE_NAME="|APU_DE2_70|NIOS2_APU:nios2_apu0|APU:apu0|Datapath:datapath0|Mem512x48:A0r|Mem512x32:mem1|altsyncram:altsyncram_component" CBX_FILE_NAME="altsyncram_39o1.tdf"/>
		<CBX_INST_ENTRY INSTANCE_NAME="|APU_DE2_70|NIOS2_APU:nios2_apu0|APU:apu0|Datapath:datapath0|Mem512x48:A0r|Mem512x16:mem0|altsyncram:altsyncram_component" CBX_FILE_NAME="altsyncram_79o1.tdf"/>
		<CBX_INST_ENTRY INSTANCE_NAME="|APU_DE2_70|NIOS2_APU:nios2_apu0|APU:apu0|Datapath:datapath0|Mem512x48:A1r|Mem512x32:mem1|altsyncram:altsyncram_component" CBX_FILE_NAME="altsyncram_39o1.tdf"/>
		<CBX_INST_ENTRY INSTANCE_NAME="|APU_DE2_70|nios2_sys:nios2_sys0|cpu_0:the_cpu_0|cpu_0_ic_data_module:cpu_0_ic_data|altsyncram:the_altsyncram" CBX_FILE_NAME="altsyncram_qed1.tdf"/>
		<CBX_INST_ENTRY INSTANCE_NAME="|APU_DE2_70|nios2_sys:nios2_sys0|cpu_0_altera_nios_custom_instr_floating_point_inst:the_cpu_0_altera_nios_custom_instr_floating_point_inst|fpoint_wrapper:cpu_0_altera_nios_custom_instr_floating_point_inst|fpoint_qsys:fpoint_instance|fpoint_qsys_addsub_single:the_fp_addsub|lpm_add_sub:man_res_rounding_add_sub_upper1" CBX_FILE_NAME="add_sub_6jf.tdf"/>
		<CBX_INST_ENTRY INSTANCE_NAME="|APU_DE2_70|NIOS2_APU:nios2_apu0|APU:apu0|Datapath:datapath0|Mem512x48:A1r|Mem512x16:mem0|altsyncram:altsyncram_component" CBX_FILE_NAME="altsyncram_79o1.tdf"/>
		<CBX_INST_ENTRY INSTANCE_NAME="|APU_DE2_70|nios2_sys:nios2_sys0|cpu_0_altera_nios_custom_instr_floating_point_inst:the_cpu_0_altera_nios_custom_instr_floating_point_inst|fpoint_wrapper:cpu_0_altera_nios_custom_instr_floating_point_inst|fpoint_qsys:fpoint_instance|fpoint_qsys_mult_single:the_fp_mult|lpm_add_sub:exp_adj_adder" CBX_FILE_NAME="add_sub_r3c.tdf"/>
		<CBX_INST_ENTRY INSTANCE_NAME="|APU_DE2_70|nios2_sys:nios2_sys0|cpu_0:the_cpu_0|cpu_0_bht_module:cpu_0_bht|altsyncram:the_altsyncram" CBX_FILE_NAME="altsyncram_8pf1.tdf"/>
		<CBX_INST_ENTRY INSTANCE_NAME="|APU_DE2_70|NIOS2_APU:nios2_apu0|APU:apu0|Datapath:datapath0|APU_ALU:alu_0|MyMult48Ps:mult01|Mult18:mult3|lpm_mult:Mult0" CBX_FILE_NAME="mult_n1t.tdf"/>
		<CBX_INST_ENTRY INSTANCE_NAME="|APU_DE2_70|NIOS2_APU:nios2_apu0|APU:apu0|Datapath:datapath0|APU_ALU:alu_0|MyMult48Ps:mult02|Mult18:mult3|lpm_mult:Mult0" CBX_FILE_NAME="mult_n1t.tdf"/>
		<CBX_INST_ENTRY INSTANCE_NAME="|APU_DE2_70|nios2_sys:nios2_sys0|cpu_0:the_cpu_0|cpu_0_ic_tag_module:cpu_0_ic_tag|altsyncram:the_altsyncram" CBX_FILE_NAME="altsyncram_f5g1.tdf"/>
		<CBX_INST_ENTRY INSTANCE_NAME="|APU_DE2_70|NIOS2_APU:nios2_apu0|APU:apu0|Datapath:datapath0|APU_ALU:alu_0|MyMult48Ps:mult01|Mult18:mult5|lpm_mult:Mult0" CBX_FILE_NAME="mult_m1t.tdf"/>
		<CBX_INST_ENTRY INSTANCE_NAME="|APU_DE2_70|NIOS2_APU:nios2_apu0|APU:apu0|Datapath:datapath0|APU_ALU:alu_0|MyMult48Ps:mult03|Mult18:mult3|lpm_mult:Mult0" CBX_FILE_NAME="mult_n1t.tdf"/>
		<CBX_INST_ENTRY INSTANCE_NAME="|APU_DE2_70|NIOS2_APU:nios2_apu0|APU:apu0|Datapath:datapath0|APU_ALU:alu_0|MyMult48Ps:mult02|Mult18:mult5|lpm_mult:Mult0" CBX_FILE_NAME="mult_m1t.tdf"/>
		<CBX_INST_ENTRY INSTANCE_NAME="|APU_DE2_70|NIOS2_APU:nios2_apu0|APU:apu0|Datapath:datapath0|APU_ALU:alu_0|MyMult48Ps:mult04|Mult18:mult3|lpm_mult:Mult0" CBX_FILE_NAME="mult_n1t.tdf"/>
		<CBX_INST_ENTRY INSTANCE_NAME="|APU_DE2_70|NIOS2_APU:nios2_apu0|APU:apu0|Datapath:datapath0|Mem512x48:A0i|Mem512x32:mem1|altsyncram:altsyncram_component" CBX_FILE_NAME="altsyncram_39o1.tdf"/>
		<CBX_INST_ENTRY INSTANCE_NAME="|APU_DE2_70|nios2_sys:nios2_sys0|cpu_0:the_cpu_0|cpu_0_dc_data_module:cpu_0_dc_data|altsyncram:the_altsyncram" CBX_FILE_NAME="altsyncram_29f1.tdf"/>
		<CBX_INST_ENTRY INSTANCE_NAME="|APU_DE2_70|nios2_sys:nios2_sys0|cpu_0:the_cpu_0|cpu_0_nios2_oci:the_cpu_0_nios2_oci|cpu_0_nios2_ocimem:the_cpu_0_nios2_ocimem|cpu_0_ociram_lpm_dram_bdp_component_module:cpu_0_ociram_lpm_dram_bdp_component|altsyncram:the_altsyncram" CBX_FILE_NAME="altsyncram_c572.tdf"/>
		<CBX_INST_ENTRY INSTANCE_NAME="|APU_DE2_70|nios2_sys:nios2_sys0|cpu_0:the_cpu_0|cpu_0_register_bank_a_module:cpu_0_register_bank_a|altsyncram:the_altsyncram" CBX_FILE_NAME="altsyncram_87f1.tdf"/>
		<CBX_INST_ENTRY INSTANCE_NAME="|APU_DE2_70|nios2_sys:nios2_sys0|cpu_0_altera_nios_custom_instr_floating_point_inst:the_cpu_0_altera_nios_custom_instr_floating_point_inst|fpoint_wrapper:cpu_0_altera_nios_custom_instr_floating_point_inst|fpoint_qsys:fpoint_instance|fpoint_qsys_addsub_single:the_fp_addsub|lpm_add_sub:man_2comp_res_lower" CBX_FILE_NAME="add_sub_ugh.tdf"/>
		<CBX_INST_ENTRY INSTANCE_NAME="|APU_DE2_70|nios2_sys:nios2_sys0|cpu_0_altera_nios_custom_instr_floating_point_inst:the_cpu_0_altera_nios_custom_instr_floating_point_inst|fpoint_wrapper:cpu_0_altera_nios_custom_instr_floating_point_inst|fpoint_qsys:fpoint_instance|fpoint_qsys_mult_single:the_fp_mult|lpm_mult:man_product2_mult" CBX_FILE_NAME="mult_5ft.tdf"/>
		<CBX_INST_ENTRY INSTANCE_NAME="|APU_DE2_70|NIOS2_APU:nios2_apu0|APU:apu0|Datapath:datapath0|APU_ALU:alu_0|MyMult40P:mult11|Mult18:mult1|lpm_mult:Mult0" CBX_FILE_NAME="mult_n1t.tdf"/>
		<CBX_INST_ENTRY INSTANCE_NAME="|APU_DE2_70|NIOS2_APU:nios2_apu0|APU:apu0|Datapath:datapath0|APU_ALU:alu_0|MyMult48Ps:mult01|Mult18:mult7|lpm_mult:Mult0" CBX_FILE_NAME="mult_m1t.tdf"/>
		<CBX_INST_ENTRY INSTANCE_NAME="|APU_DE2_70|NIOS2_APU:nios2_apu0|APU:apu0|Datapath:datapath0|APU_ALU:alu_0|MyMult48Ps:mult03|Mult18:mult5|lpm_mult:Mult0" CBX_FILE_NAME="mult_m1t.tdf"/>
		<CBX_INST_ENTRY INSTANCE_NAME="|APU_DE2_70|NIOS2_APU:nios2_apu0|APU:apu0|Datapath:datapath0|Mem512x48:A0i|Mem512x16:mem0|altsyncram:altsyncram_component" CBX_FILE_NAME="altsyncram_79o1.tdf"/>
		<CBX_INST_ENTRY INSTANCE_NAME="|APU_DE2_70|NIOS2_APU:nios2_apu0|APU:apu0|Datapath:datapath0|Mem512x48:A1i|Mem512x32:mem1|altsyncram:altsyncram_component" CBX_FILE_NAME="altsyncram_39o1.tdf"/>
	</PROJECT>
</LOG_ROOT>
